metric,method,scale,n_industries,year,annual_within,annual_shift,annual_interaction,annual_total,cumulative_within,cumulative_shift,cumulative_interaction,cumulative_total,cumulative_within_bootstrap_estimate_mean,cumulative_within_bootstrap_ci_lower,cumulative_within_bootstrap_ci_upper,cumulative_within_bootstrap_p_value_two_sided,cumulative_shift_bootstrap_estimate_mean,cumulative_shift_bootstrap_ci_lower,cumulative_shift_bootstrap_ci_upper,cumulative_shift_bootstrap_p_value_two_sided,cumulative_interaction_bootstrap_estimate_mean,cumulative_interaction_bootstrap_ci_lower,cumulative_interaction_bootstrap_ci_upper,cumulative_interaction_bootstrap_p_value_two_sided,cumulative_total_bootstrap_estimate_mean,cumulative_total_bootstrap_ci_lower,cumulative_total_bootstrap_ci_upper,cumulative_total_bootstrap_p_value_two_sided,valid_replications,seed,block_length,total_ci_width_exceeds_abs_cumulative_change
real_regular_monthly,laspeyres,2024_twd,16,2000,0.0000000000,0.0000000000,0.0000000000,0.0000000000,0.0000000000,0.0000000000,0.0000000000,0.0000000000,0.0000000000,0.0000000000,0.0000000000,1.0000000000,0.0000000000,0.0000000000,0.0000000000,1.0000000000,0.0000000000,0.0000000000,0.0000000000,1.0000000000,0.0000000000,0.0000000000,0.0000000000,1.0000000000,10000,20260809,3,False
real_regular_monthly,laspeyres,2024_twd,16,2001,628.7198027235,90.3165755604,12.1873106874,731.2236889713,628.7198027235,90.3165755604,12.1873106874,731.2236889713,102.9199981745,-1387.5642272729,712.2089012821,0.8426000000,4.1384307715,-74.1534512436,139.1196878584,0.8562000000,-0.5176804103,-24.7350530039,21.0968823958,0.9054000000,106.5407485357,-1382.0957617862,731.2236889713,0.8312000000,10000,20260809,3,True
real_regular_monthly,laspeyres,2024_twd,16,2002,500.4776094900,-54.7089307225,-6.1133511040,439.6553276636,1129.1974122135,35.6076448379,6.0739595835,1170.8790166349,212.4427031734,-1805.6328578497,1213.7230170891,0.6690000000,7.1351672194,-125.1305142639,224.4937671063,0.8562000000,-1.3510169896,-25.4047237523,23.3106208935,0.9946000000,218.2268534033,-1686.4357077579,1417.2636141446,0.7488000000,10000,20260809,3,True
real_regular_monthly,laspeyres,2024_twd,16,2003,251.7217575182,-40.3737680861,-5.0989192807,206.2490701514,1380.9191697317,-4.7661232482,0.9750403028,1377.1280867863,328.4761282126,-1822.4552588344,1736.3200654738,0.6616000000,7.8825516672,-192.0874462313,258.5715671318,0.8524000000,-1.9938627559,-24.4055976741,21.7078293356,0.9944000000,334.3648171239,-1725.4231545400,1948.6729641263,0.7428000000,10000,20260809,3,True
real_regular_monthly,laspeyres,2024_twd,16,2004,-258.5488663414,-87.3675367477,-1.8908239990,-347.8072270881,1122.3703033903,-92.1336599959,-0.9157836962,1029.3208596981,433.5417964065,-1809.1640264780,2203.6272048241,0.6636000000,8.7834363003,-223.0778842300,268.4253964211,0.9668000000,-2.7976213786,-29.4161839239,23.5994545523,0.8842000000,439.5276113281,-1759.9657028802,2343.1214580709,0.7354000000,10000,20260809,3,True
real_regular_monthly,laspeyres,2024_twd,16,2005,-626.0778062298,-36.0620526040,-4.1417293917,-666.2815882255,496.2924971605,-128.1957125999,-5.0575130879,363.0392714726,537.3918729435,-2036.7866617282,2634.8794875461,0.6676000000,8.0118340642,-269.3882942376,336.3927030099,0.9952000000,-3.7407788065,-39.6130040378,26.9335169778,0.8588000000,541.6629282012,-2055.2699230068,2823.0385353031,0.6950000000,10000,20260809,3,True
real_regular_monthly,laspeyres,2024_twd,16,2006,266.9189781496,-91.1820252275,-11.3651301785,164.3718227436,763.2114753101,-219.3777378274,-16.4226432664,527.4110942162,645.6348439265,-2103.9480849490,3047.8337235766,0.6736000000,6.5993695365,-314.5606866347,371.2314127853,0.9972000000,-4.6070654491,-40.9998715611,27.4079488823,0.8538000000,647.6271480139,-2103.2171374554,3324.9052055675,0.6792000000,10000,20260809,3,True
real_regular_monthly,laspeyres,2024_twd,16,2007,5.9265088971,-64.1760776414,-2.2495103202,-60.4990790645,769.1379842072,-283.5538154688,-18.6721535867,466.9120151517,756.0507552336,-2163.8895149694,3409.6997379908,0.6176000000,4.9947960309,-352.6167170246,373.9825768041,0.9990000000,-5.4549636389,-47.1339249825,33.4750575734,0.8240000000,755.5905876256,-2206.4967098130,3612.0551824105,0.6436000000,10000,20260809,3,True
real_regular_monthly,laspeyres,2024_twd,16,2008,-1427.7285480821,-35.1187741574,4.3514833903,-1458.4958388493,-658.5905638749,-318.6725896262,-14.3206701964,-991.5838236975,863.9381845753,-2316.4570603796,3798.9766234314,0.5848000000,-0.1586052262,-398.4251534596,403.8122125023,0.9776000000,-6.4059332509,-51.3043643790,34.7402596592,0.7994000000,857.3736460982,-2416.8775066155,4015.8843059078,0.6214000000,10000,20260809,3,True
real_regular_monthly,laspeyres,2024_twd,16,2009,-423.6391543345,58.7906755924,21.6408320522,-343.2076466899,-1082.2297182094,-259.8819140338,7.3201618558,-1334.7914703874,970.8477458117,-2396.6034421397,4191.7157210633,0.5814000000,-6.6235805238,-460.6620295147,436.3404238049,0.9666000000,-7.3755441626,-53.8656319727,39.2333627491,0.7820000000,956.8486211253,-2506.8759842079,4405.5430247637,0.6108000000,10000,20260809,3,True
real_regular_monthly,laspeyres,2024_twd,16,2010,422.3700040802,-99.3558085321,-3.1025325273,319.9116630207,-659.8597141293,-359.2377225660,4.2176293285,-1014.8798073668,1073.6006372931,-2491.5619247749,4438.6300546076,0.5556000000,-12.9453370943,-494.6209567366,454.7627609652,0.9606000000,-8.4273616687,-58.5790799429,40.9721628034,0.7552000000,1052.2279385302,-2651.0588055055,4660.2468965142,0.5852000000,10000,20260809,3,True
real_regular_monthly,laspeyres,2024_twd,16,2011,32.9791699387,-47.1617650312,0.5527290988,-13.6298659936,-626.8805441905,-406.3994875972,4.7703584273,-1028.5096733604,1181.4949782160,-2630.8688290931,4797.3495671200,0.5344000000,-21.4015522557,-539.6458439948,474.6596446882,0.9396000000,-9.4915507241,-63.3088103130,42.6982195213,0.7362000000,1150.6018752362,-2782.6324917614,5030.4771904612,0.5694000000,10000,20260809,3,True
real_regular_monthly,laspeyres,2024_twd,16,2012,-260.6041865698,-42.2072975239,2.6251224683,-300.1863616253,-887.4847307603,-448.6067851210,7.3954808956,-1328.6960349857,1285.7049507253,-2651.1617900100,5142.6847616862,0.5208000000,-32.5909963300,-600.8518761227,495.7559556469,0.9222000000,-10.7436110855,-67.3457244019,44.2913948140,0.7216000000,1242.3703433099,-2853.3728941198,5378.8934456485,0.5654000000,10000,20260809,3,True
real_regular_monthly,laspeyres,2024_twd,16,2013,91.5786246273,-22.5205119364,0.9813973636,70.0395100545,-795.9061061330,-471.1272970574,8.3768782592,-1258.6565249312,1387.6145589167,-2664.0996910447,5444.0550937672,0.5150000000,-42.4447722642,-653.1661548979,507.7093092259,0.9154000000,-11.8685034504,-72.2679567284,45.3845975017,0.7134000000,1333.3012832021,-2862.9053810836,5705.2114401698,0.5566000000,10000,20260809,3,True
real_regular_monthly,laspeyres,2024_twd,16,2014,283.9763787440,-50.6681573567,-1.1130065031,232.1952148842,-511.9297273890,-521.7954544141,7.2638717561,-1026.4613100471,1498.0545180542,-2764.2661104544,5737.8464797002,0.4980000000,-55.6271267927,-725.3679572045,531.5312315416,0.8920000000,-13.3558075768,-77.3406360197,47.3000282080,0.6898000000,1429.0715836846,-3033.6829971364,5996.2469188681,0.5468000000,10000,20260809,3,True
real_regular_monthly,laspeyres,2024_twd,16,2015,721.6106258858,-20.1955503490,0.1685556722,701.5836312090,209.6808984967,-541.9910047631,7.4324274283,-324.8776788381,1610.4932506990,-2766.1600302014,6051.0589850858,0.4844000000,-72.2577352143,-808.5996041811,561.7048737275,0.8654000000,-14.4729367610,-80.6566700416,48.0997024157,0.6768000000,1523.7625787236,-3173.4726532679,6314.3843027398,0.5434000000,10000,20260809,3,True
real_regular_monthly,laspeyres,2024_twd,16,2016,-29.4354404351,-20.0274993377,-0.1641665295,-49.6271063023,180.2454580616,-562.0185041008,7.2682608988,-374.5047851404,1720.3765943176,-2761.8972516879,6269.3619110520,0.4628000000,-87.7392771092,-869.3903896502,561.9937064138,0.8452000000,-15.7524963741,-86.5327782780,49.0024866333,0.6600000000,1616.8848208344,-3125.1192805566,6507.4042402906,0.5200000000,10000,20260809,3,True
real_regular_monthly,laspeyres,2024_twd,16,2017,551.3710768723,-19.7809041738,0.9737901709,532.5639628695,731.6165349339,-581.7994082746,8.2420510698,158.0591777291,1825.2307997671,-2823.4606285746,6595.8464407767,0.4498000000,-107.6107211765,-953.6738170542,574.0829673867,0.8144000000,-17.2339677803,-91.3229936083,49.2812858998,0.6534000000,1700.3861108103,-3212.9437520243,6838.1722826708,0.5160000000,10000,20260809,3,True
real_regular_monthly,laspeyres,2024_twd,16,2018,513.4374776184,7.6600112412,-0.3213899016,520.7760989580,1245.0540125523,-574.1393970334,7.9206611682,678.8352766871,1931.3545083976,-2817.3280465165,6841.0754208175,0.4464000000,-129.5876301759,-1045.3034195307,593.3430324079,0.7924000000,-18.7973939724,-95.1131832038,49.2813502114,0.6298000000,1782.9694842493,-3256.1309865735,7147.9287379246,0.5136000000,10000,20260809,3,True
real_regular_monthly,laspeyres,2024_twd,16,2019,533.7378489403,188.8128011783,-37.8746998144,684.6759503042,1778.7918614926,-385.3265958551,-29.9540386462,1363.5112269913,2028.0202725603,-2823.3526698830,7121.3402617047,0.4350000000,-150.0436326695,-1099.6548999204,600.8424870003,0.7712000000,-20.2303951348,-101.1997395843,50.7417560807,0.6250000000,1857.7462447560,-3324.8620227629,7347.5634681602,0.5086000000,10000,20260809,3,True
real_regular_monthly,laspeyres,2024_twd,16,2020,648.2252243186,110.3732478397,3.9911780412,762.5896501996,2427.0170858112,-274.9533480154,-25.9628606050,2126.1008771909,2135.2063300672,-2977.0604656400,7344.8788754741,0.4186000000,-174.4277680017,-1180.0495672155,607.4551477122,0.7394000000,-21.7968830178,-106.7428658707,51.9186093825,0.6148000000,1938.9816790477,-3514.3576729596,7561.1985286511,0.4980000000,10000,20260809,3,True
real_regular_monthly,laspeyres,2024_twd,16,2021,-111.2330525427,40.7881190896,1.9917751775,-68.4531582756,2315.7840332685,-234.1652289258,-23.9710854274,2057.6477189153,2250.1914910158,-2999.7745521779,7606.9294468184,0.4148000000,-203.1052530758,-1285.4377807090,622.5068448175,0.7198000000,-23.5085816191,-111.2833685188,52.9893527356,0.5970000000,2023.5776563209,-3672.2590979716,7800.2769355258,0.4930000000,10000,20260809,3,True
real_regular_monthly,laspeyres,2024_twd,16,2022,-126.0831617257,17.3271936286,-0.5562058940,-109.3121739912,2189.7008715428,-216.8380352972,-24.5272913215,1948.3355449241,2354.7996713434,-2932.4524654157,7836.4248705013,0.3956000000,-227.8070977978,-1364.1167719402,629.9211880146,0.7000000000,-24.9853424033,-117.2351223421,54.8088087210,0.5826000000,2102.0072311422,-3644.7611976589,7986.3553390802,0.4878000000,10000,20260809,3,True
real_regular_monthly,laspeyres,2024_twd,16,2023,-116.9415709494,1.2569100998,-1.1269815092,-116.8116423589,2072.7593005933,-215.5811251974,-25.6542728307,1831.5239025652,2463.5990427823,-3008.7765302840,8101.1350384197,0.3924000000,-258.2075355381,-1449.1523754607,649.6002148457,0.6718000000,-26.6936133151,-122.6391551501,56.7707729424,0.5660000000,2178.6978939290,-3710.6178902338,8191.1100043365,0.4836000000,10000,20260809,3,True
real_regular_monthly,laspeyres,2024_twd,16,2024,291.0310073112,-12.9448915519,-2.7149743112,275.3711414481,2363.7903079045,-228.5260167493,-28.3692471419,2106.8950440133,2569.9089702656,-3031.2212279845,8348.5304157170,0.3808000000,-293.2256647179,-1564.8909276478,658.9594802488,0.6362000000,-28.4611084508,-126.2205084079,56.3956698175,0.5536000000,2248.2221970969,-3829.8358791737,8514.6991198627,0.4832000000,10000,20260809,3,True
real_regular_monthly,paasche,2024_twd,16,2000,0.0000000000,0.0000000000,0.0000000000,0.0000000000,0.0000000000,0.0000000000,0.0000000000,0.0000000000,0.0000000000,0.0000000000,0.0000000000,1.0000000000,0.0000000000,0.0000000000,0.0000000000,1.0000000000,0.0000000000,0.0000000000,0.0000000000,1.0000000000,0.0000000000,0.0000000000,0.0000000000,1.0000000000,10000,20260809,3,False
real_regular_monthly,paasche,2024_twd,16,2001,640.9071134109,102.5038862478,-12.1873106874,731.2236889713,640.9071134109,102.5038862478,-12.1873106874,731.2236889713,102.4023177641,-1384.8616601012,712.6959728776,0.8426000000,3.6207503612,-75.8139702354,114.3846348545,0.8562000000,0.5176804103,-21.0968823958,24.7350530039,0.9054000000,106.5407485357,-1382.0957617862,731.2236889713,0.8312000000,10000,20260809,3,True
real_regular_monthly,paasche,2024_twd,16,2002,494.3642583861,-60.8222818265,6.1133511040,439.6553276636,1135.2713717970,41.6816044214,-6.0739595835,1170.8790166349,211.0916861838,-1782.3222369562,1192.7698470383,0.6690000000,5.7841502299,-131.8369305498,203.5405970555,0.8562000000,1.3510169896,-23.3106208935,25.4047237523,0.9946000000,218.2268534033,-1686.4357077579,1417.2636141446,0.7488000000,10000,20260809,3,True
real_regular_monthly,paasche,2024_twd,16,2003,246.6228382375,-45.4726873668,5.0989192807,206.2490701514,1381.8942100345,-3.7910829454,-0.9750403028,1377.1280867863,326.4822654567,-1800.7474294988,1714.7785971711,0.6616000000,5.8886889112,-204.0503710169,239.1925444565,0.8524000000,1.9938627559,-21.7078293356,24.4055976741,0.9944000000,334.3648171239,-1725.4231545400,1948.6729641263,0.7428000000,10000,20260809,3,True
real_regular_monthly,paasche,2024_twd,16,2004,-260.4396903404,-89.2583607467,1.8908239990,-347.8072270881,1121.4545196941,-93.0494436922,0.9157836962,1029.3208596981,430.7441750278,-1787.0362932865,2178.7548637184,0.6560000000,5.9858149217,-236.9607760287,250.2693477048,0.9864000000,2.7976213786,-23.5994545523,29.4161839239,0.8842000000,439.5276113281,-1759.9657028802,2343.1214580709,0.7354000000,10000,20260809,3,True
real_regular_monthly,paasche,2024_twd,16,2005,-630.2195356215,-40.2037819957,4.1417293917,-666.2815882255,491.2349840725,-133.2532256878,5.0575130879,363.0392714726,533.6510941370,-2012.8547615355,2625.3815605390,0.6752000000,4.2710552577,-295.8376641947,294.5831287863,0.9806000000,3.7407788065,-26.9335169778,39.6130040378,0.8588000000,541.6629282012,-2055.2699230068,2823.0385353031,0.6950000000,10000,20260809,3,True
real_regular_monthly,paasche,2024_twd,16,2006,255.5538479711,-102.5471554060,11.3651301785,164.3718227436,746.7888320436,-235.8003810938,16.4226432664,527.4110942162,641.0277784773,-2082.4020379745,3027.6094460588,0.6736000000,1.9923040874,-350.0979079733,338.8163832766,0.9934000000,4.6070654491,-27.4079488823,40.9998715611,0.8538000000,647.6271480139,-2103.2171374554,3324.9052055675,0.6792000000,10000,20260809,3,True
real_regular_monthly,paasche,2024_twd,16,2007,3.6769985769,-66.4255879617,2.2495103202,-60.4990790645,750.4658306205,-302.2259690555,18.6721535867,466.9120151517,750.5957915947,-2151.4608398970,3369.6740224486,0.6184000000,-0.4601676079,-376.2751656658,353.8417055265,0.9958000000,5.4549636389,-33.4750575734,47.1339249825,0.8240000000,755.5905876256,-2206.4967098130,3612.0551824105,0.6436000000,10000,20260809,3,True
real_regular_monthly,paasche,2024_twd,16,2008,-1423.3770646918,-30.7672907671,-4.3514833903,-1458.4958388493,-672.9112340713,-332.9932598226,14.3206701964,-991.5838236975,857.5322513244,-2293.9670280997,3770.2258118606,0.5844000000,-6.5645384772,-422.3885410999,385.3454784664,0.9802000000,6.4059332509,-34.7402596592,51.3043643790,0.7994000000,857.3736460982,-2416.8775066155,4015.8843059078,0.6214000000,10000,20260809,3,True
real_regular_monthly,paasche,2024_twd,16,2009,-401.9983222823,80.4315076446,-21.6408320522,-343.2076466899,-1074.9095563536,-252.5617521780,-7.3201618558,-1334.7914703874,963.4722016491,-2387.2174403759,4169.9313556855,0.5852000000,-13.9991246864,-485.3316446030,418.3629336327,0.9648000000,7.3755441626,-39.2333627491,53.8656319727,0.7820000000,956.8486211253,-2506.8759842079,4405.5430247637,0.6108000000,10000,20260809,3,True
real_regular_monthly,paasche,2024_twd,16,2010,419.2674715528,-102.4583410595,3.1025325273,319.9116630207,-655.6420848008,-355.0200932375,-4.2176293285,-1014.8798073668,1065.1732756244,-2480.5118330369,4401.3971242053,0.5568000000,-21.3726987630,-523.2983268558,432.0508132832,0.9456000000,8.4273616687,-40.9721628034,58.5790799429,0.7552000000,1052.2279385302,-2651.0588055055,4660.2468965142,0.5852000000,10000,20260809,3,True
real_regular_monthly,paasche,2024_twd,16,2011,33.5318990376,-46.6090359324,-0.5527290988,-13.6298659936,-622.1101857632,-401.6291291699,-4.7703584273,-1028.5096733604,1172.0034274919,-2628.8170851920,4764.3428945422,0.5356000000,-30.8931029798,-567.7212702436,454.9928689472,0.9260000000,9.4915507241,-42.6982195213,63.3088103130,0.7362000000,1150.6018752362,-2782.6324917614,5030.4771904612,0.5694000000,10000,20260809,3,True
real_regular_monthly,paasche,2024_twd,16,2012,-257.9790641014,-39.5821750555,-2.6251224683,-300.1863616253,-880.0892498647,-441.2113042254,-7.3954808956,-1328.6960349857,1274.9613396398,-2641.5142026291,5105.9312180657,0.5240000000,-43.3346074155,-633.7757696804,474.3345095006,0.9026000000,10.7436110855,-44.2913948140,67.3457244019,0.7216000000,1242.3703433099,-2853.3728941198,5378.8934456485,0.5654000000,10000,20260809,3,True
real_regular_monthly,paasche,2024_twd,16,2013,92.5600219909,-21.5391145728,-0.9813973636,70.0395100545,-787.5292278738,-462.7504187982,-8.3768782592,-1258.6565249312,1375.7460554663,-2652.5965369677,5405.8002706836,0.5156000000,-54.3132757146,-688.4801041065,486.9298577622,0.8974000000,11.8685034504,-45.3845975017,72.2679567284,0.7134000000,1333.3012832021,-2862.9053810836,5705.2114401698,0.5566000000,10000,20260809,3,True
real_regular_monthly,paasche,2024_twd,16,2014,282.8633722408,-51.7811638598,1.1130065031,232.1952148842,-504.6658556330,-514.5315826581,-7.2638717561,-1026.4613100471,1484.6987104774,-2762.0927929811,5707.5414264003,0.4988000000,-68.9829343696,-766.2308305553,508.7388354300,0.8752000000,13.3558075768,-47.3000282080,77.3406360197,0.6898000000,1429.0715836846,-3033.6829971364,5996.2469188681,0.5468000000,10000,20260809,3,True
real_regular_monthly,paasche,2024_twd,16,2015,721.7791815580,-20.0269946768,-0.1685556722,701.5836312090,217.1133259250,-534.5585773348,-7.4324274283,-324.8776788381,1596.0203139379,-2764.5917280577,6006.2145781674,0.4872000000,-86.7306719753,-849.8927297030,533.3897069707,0.8494000000,14.4729367610,-48.0997024157,80.6566700416,0.6768000000,1523.7625787236,-3173.4726532679,6314.3843027398,0.5434000000,10000,20260809,3,True
real_regular_monthly,paasche,2024_twd,16,2016,-29.5996069646,-20.1916658671,0.1641665295,-49.6271063023,187.5137189604,-554.7502432020,-7.2682608988,-374.5047851404,1704.6240979436,-2733.0989691965,6215.6580909314,0.4648000000,-103.4917734832,-915.3521935189,538.7653307934,0.8248000000,15.7524963741,-49.0024866333,86.5327782780,0.6600000000,1616.8848208344,-3125.1192805566,6507.4042402906,0.5200000000,10000,20260809,3,True
real_regular_monthly,paasche,2024_twd,16,2017,552.3448670432,-18.8071140028,-0.9737901709,532.5639628695,739.8585860037,-573.5573572048,-8.2420510698,158.0591777291,1807.9968319868,-2815.9547110494,6546.7001714456,0.4506000000,-124.8446889569,-1000.1323024065,541.5783603238,0.7958000000,17.2339677803,-49.2812858998,91.3229936083,0.6534000000,1700.3861108103,-3212.9437520243,6838.1722826708,0.5160000000,10000,20260809,3,True
real_regular_monthly,paasche,2024_twd,16,2018,513.1160877168,7.3386213396,0.3213899016,520.7760989580,1252.9746737205,-566.2187358652,-7.9206611682,678.8352766871,1912.5571144252,-2808.6909973075,6802.9712301826,0.4492000000,-148.3850241483,-1093.9522396529,563.0941080559,0.7698000000,18.7973939724,-49.2813502114,95.1131832038,0.6298000000,1782.9694842493,-3256.1309865735,7147.9287379246,0.5136000000,10000,20260809,3,True
real_regular_monthly,paasche,2024_twd,16,2019,495.8631491259,150.9381013640,37.8746998144,684.6759503042,1748.8378228464,-415.2806345013,29.9540386462,1363.5112269913,2007.7898774255,-2828.6059970556,7065.7682080618,0.4380000000,-170.2740278043,-1148.4962895405,576.4059677432,0.7448000000,20.2303951348,-50.7417560807,101.1997395843,0.6250000000,1857.7462447560,-3324.8620227629,7347.5634681602,0.5086000000,10000,20260809,3,True
real_regular_monthly,paasche,2024_twd,16,2020,652.2164023598,114.3644258809,-3.9911780412,762.5896501996,2401.0542252062,-300.9162086203,25.9628606050,2126.1008771909,2113.4094470494,-2944.1958694003,7291.5875961884,0.4222000000,-196.2246510195,-1233.5762677476,583.9558315722,0.7120000000,21.7968830178,-51.9186093825,106.7428658707,0.6148000000,1938.9816790477,-3514.3576729596,7561.1985286511,0.4980000000,10000,20260809,3,True
real_regular_monthly,paasche,2024_twd,16,2021,-109.2412773652,42.7798942671,-1.9917751775,-68.4531582756,2291.8129478410,-258.1363143532,23.9710854274,2057.6477189153,2226.6829093967,-2979.5041443744,7538.5287803080,0.4172000000,-226.6138346949,-1345.3202992835,593.2264339787,0.6886000000,23.5085816191,-52.9893527356,111.2833685188,0.5970000000,2023.5776563209,-3672.2590979716,7800.2769355258,0.4930000000,10000,20260809,3,True
real_regular_monthly,paasche,2024_twd,16,2022,-126.6393676198,16.7709877345,0.5562058940,-109.3121739912,2165.1735802213,-241.3653266187,24.5272913215,1948.3355449241,2329.8143289400,-2919.5146679361,7788.6682976952,0.3984000000,-252.7924402011,-1414.2236858517,602.6932666010,0.6674000000,24.9853424033,-54.8088087210,117.2351223421,0.5826000000,2102.0072311422,-3644.7611976589,7986.3553390802,0.4878000000,10000,20260809,3,True
real_regular_monthly,paasche,2024_twd,16,2023,-118.0685524587,0.1299285906,1.1269815092,-116.8116423589,2047.1050277626,-241.2353980281,25.6542728307,1831.5239025652,2436.9054294671,-3008.7037375898,8025.2477281893,0.3932000000,-284.9011488532,-1506.2993241711,618.4175497908,0.6382000000,26.6936133151,-56.7707729424,122.6391551501,0.5660000000,2178.6978939290,-3710.6178902338,8191.1100043365,0.4836000000,10000,20260809,3,True
real_regular_monthly,paasche,2024_twd,16,2024,288.3160330000,-15.6598658631,2.7149743112,275.3711414481,2335.4210607626,-256.8952638913,28.3692471419,2106.8950440133,2541.4478618149,-3040.8699640216,8280.7620230410,0.3834000000,-321.6867731687,-1635.5904790617,627.9285456279,0.6084000000,28.4611084508,-56.3956698175,126.2205084079,0.5536000000,2248.2221970969,-3829.8358791737,8514.6991198627,0.4832000000,10000,20260809,3,True
