row_type,year,industry_code,industry,employees,employment_share_common,normal_hours,overtime_hours,normal_pretrend_annual_change_2000_2016,normal_reform_window_annual_change_2016_2019,overtime_pretrend_annual_change_2000_2016,overtime_reform_window_annual_change_2016_2019,normal_change_vs_pretrend,overtime_change_vs_pretrend,part_time_series_requested_period,part_time_series_consistent_coverage,part_time_series_used,part_time_series_reason
annual_industry_path,2000.0000000000,B,mining,9604.0000000000,0.0016185716,179.5000000000,5.9000000000,,,,,,,,,,
annual_industry_path,2000.0000000000,C,manufacturing,2458527.0000000000,0.4143379757,181.9000000000,16.8000000000,,,,,,,,,,
annual_industry_path,2000.0000000000,D,electricity_gas,29677.0000000000,0.0050014940,174.5000000000,7.8000000000,,,,,,,,,,
annual_industry_path,2000.0000000000,E,water_waste,23217.0000000000,0.0039127839,182.4000000000,5.6000000000,,,,,,,,,,
annual_industry_path,2000.0000000000,F,construction,437265.0000000000,0.0736927009,179.5000000000,8.0000000000,,,,,,,,,,
annual_industry_path,2000.0000000000,G,wholesale_retail,1372044.0000000000,0.2312319261,178.4000000000,4.5000000000,,,,,,,,,,
annual_industry_path,2000.0000000000,H,transportation_storage,276923.0000000000,0.0466701058,182.9000000000,6.7000000000,,,,,,,,,,
annual_industry_path,2000.0000000000,I,accommodation_food,160881.0000000000,0.0271134333,186.6000000000,1.6000000000,,,,,,,,,,
annual_industry_path,2000.0000000000,J,information_communication,153910.0000000000,0.0259386038,173.1000000000,3.2000000000,,,,,,,,,,
annual_industry_path,2000.0000000000,K,finance_insurance,363656.0000000000,0.0612873037,169.5000000000,4.4000000000,,,,,,,,,,
annual_industry_path,2000.0000000000,L,real_estate,74007.0000000000,0.0124724726,174.7000000000,3.6000000000,,,,,,,,,,
annual_industry_path,2000.0000000000,M,professional_scientific,163635.0000000000,0.0275775676,176.2000000000,6.6000000000,,,,,,,,,,
annual_industry_path,2000.0000000000,N,support_services,115824.0000000000,0.0195199327,187.4000000000,4.7000000000,,,,,,,,,,
annual_industry_path,2000.0000000000,Q,health_social,180989.0000000000,0.0305022544,178.7000000000,3.8000000000,,,,,,,,,,
annual_industry_path,2000.0000000000,R,arts_recreation,32800.0000000000,0.0055278163,195.9000000000,3.2000000000,,,,,,,,,,
annual_industry_path,2000.0000000000,S,other_services,80668.0000000000,0.0135950575,205.9000000000,2.2000000000,,,,,,,,,,
annual_industry_path,2001.0000000000,B,mining,8429.0000000000,0.0014745096,178.9000000000,5.5000000000,,,,,,,,,,
annual_industry_path,2001.0000000000,C,manufacturing,2348451.0000000000,0.4108213853,170.4000000000,14.0000000000,,,,,,,,,,
annual_industry_path,2001.0000000000,D,electricity_gas,29147.0000000000,0.0050987697,165.4000000000,7.6000000000,,,,,,,,,,
annual_industry_path,2001.0000000000,E,water_waste,22153.0000000000,0.0038752889,180.0000000000,3.5000000000,,,,,,,,,,
annual_industry_path,2001.0000000000,F,construction,402459.0000000000,0.0704033271,173.5000000000,7.3000000000,,,,,,,,,,
annual_industry_path,2001.0000000000,G,wholesale_retail,1350327.0000000000,0.2362166418,173.5000000000,4.7000000000,,,,,,,,,,
annual_industry_path,2001.0000000000,H,transportation_storage,272066.0000000000,0.0475932992,175.0000000000,6.6000000000,,,,,,,,,,
annual_industry_path,2001.0000000000,I,accommodation_food,148555.0000000000,0.0259871596,174.3000000000,1.3000000000,,,,,,,,,,
annual_industry_path,2001.0000000000,J,information_communication,156317.0000000000,0.0273449889,163.6000000000,2.6000000000,,,,,,,,,,
annual_industry_path,2001.0000000000,K,finance_insurance,359652.0000000000,0.0629149737,161.9000000000,4.3000000000,,,,,,,,,,
annual_industry_path,2001.0000000000,L,real_estate,61679.0000000000,0.0107896874,169.4000000000,3.0000000000,,,,,,,,,,
annual_industry_path,2001.0000000000,M,professional_scientific,155053.0000000000,0.0271238737,169.6000000000,6.2000000000,,,,,,,,,,
annual_industry_path,2001.0000000000,N,support_services,114209.0000000000,0.0199789136,181.3000000000,5.7000000000,,,,,,,,,,
annual_industry_path,2001.0000000000,Q,health_social,182598.0000000000,0.0319424009,174.4000000000,3.6000000000,,,,,,,,,,
annual_industry_path,2001.0000000000,R,arts_recreation,29016.0000000000,0.0050758535,188.2000000000,3.3000000000,,,,,,,,,,
annual_industry_path,2001.0000000000,S,other_services,76366.0000000000,0.0133589272,198.5000000000,1.4000000000,,,,,,,,,,
annual_industry_path,2002.0000000000,B,mining,7833.0000000000,0.0013863211,183.4000000000,4.9000000000,,,,,,,,,,
annual_industry_path,2002.0000000000,C,manufacturing,2318801.0000000000,0.4103922937,171.7000000000,15.8000000000,,,,,,,,,,
annual_industry_path,2002.0000000000,D,electricity_gas,28242.0000000000,0.0049984018,167.2000000000,5.2000000000,,,,,,,,,,
annual_industry_path,2002.0000000000,E,water_waste,21345.0000000000,0.0037777384,179.4000000000,2.9000000000,,,,,,,,,,
annual_industry_path,2002.0000000000,F,construction,385621.0000000000,0.0682490161,169.6000000000,6.6000000000,,,,,,,,,,
annual_industry_path,2002.0000000000,G,wholesale_retail,1356987.0000000000,0.2401659338,174.0000000000,3.4000000000,,,,,,,,,,
annual_industry_path,2002.0000000000,H,transportation_storage,264398.0000000000,0.0467944001,174.3000000000,6.6000000000,,,,,,,,,,
annual_industry_path,2002.0000000000,I,accommodation_food,149912.0000000000,0.0265321300,174.6000000000,1.1000000000,,,,,,,,,,
annual_industry_path,2002.0000000000,J,information_communication,150967.0000000000,0.0267188488,167.0000000000,2.5000000000,,,,,,,,,,
annual_industry_path,2002.0000000000,K,finance_insurance,343749.0000000000,0.0608383128,164.0000000000,4.6000000000,,,,,,,,,,
annual_industry_path,2002.0000000000,L,real_estate,56362.0000000000,0.0099752115,170.1000000000,4.1000000000,,,,,,,,,,
annual_industry_path,2002.0000000000,M,professional_scientific,151892.0000000000,0.0268825597,169.7000000000,5.6000000000,,,,,,,,,,
annual_industry_path,2002.0000000000,N,support_services,120358.0000000000,0.0213015242,181.5000000000,5.7000000000,,,,,,,,,,
annual_industry_path,2002.0000000000,Q,health_social,188292.0000000000,0.0333248027,175.6000000000,3.6000000000,,,,,,,,,,
annual_industry_path,2002.0000000000,R,arts_recreation,29921.0000000000,0.0052955591,188.8000000000,2.6000000000,,,,,,,,,,
annual_industry_path,2002.0000000000,S,other_services,75526.0000000000,0.0133669463,198.6000000000,1.3000000000,,,,,,,,,,
annual_industry_path,2003.0000000000,B,mining,7120.0000000000,0.0012306937,181.2000000000,4.3000000000,,,,,,,,,,
annual_industry_path,2003.0000000000,C,manufacturing,2372732.0000000000,0.4101272956,171.4000000000,16.8000000000,,,,,,,,,,
annual_industry_path,2003.0000000000,D,electricity_gas,28414.0000000000,0.0049113667,166.7000000000,4.7000000000,,,,,,,,,,
annual_industry_path,2003.0000000000,E,water_waste,21133.0000000000,0.0036528441,178.1000000000,3.6000000000,,,,,,,,,,
annual_industry_path,2003.0000000000,F,construction,378969.0000000000,0.0655048826,169.5000000000,6.1000000000,,,,,,,,,,
annual_industry_path,2003.0000000000,G,wholesale_retail,1373832.0000000000,0.2374671909,173.2000000000,2.8000000000,,,,,,,,,,
annual_industry_path,2003.0000000000,H,transportation_storage,259721.0000000000,0.0448928372,172.7000000000,6.5000000000,,,,,,,,,,
annual_industry_path,2003.0000000000,I,accommodation_food,161598.0000000000,0.0279322531,175.5000000000,1.5000000000,,,,,,,,,,
annual_industry_path,2003.0000000000,J,information_communication,156404.0000000000,0.0270344689,165.9000000000,2.8000000000,,,,,,,,,,
annual_industry_path,2003.0000000000,K,finance_insurance,349189.0000000000,0.0603574024,164.5000000000,4.2000000000,,,,,,,,,,
annual_industry_path,2003.0000000000,L,real_estate,58520.0000000000,0.0101151960,174.6000000000,3.5000000000,,,,,,,,,,
annual_industry_path,2003.0000000000,M,professional_scientific,157319.0000000000,0.0271926269,171.0000000000,5.4000000000,,,,,,,,,,
annual_industry_path,2003.0000000000,N,support_services,142753.0000000000,0.0246748903,181.0000000000,8.2000000000,,,,,,,,,,
annual_industry_path,2003.0000000000,Q,health_social,201368.0000000000,0.0348065071,173.5000000000,3.5000000000,,,,,,,,,,
annual_industry_path,2003.0000000000,R,arts_recreation,34265.0000000000,0.0059227135,186.7000000000,1.9000000000,,,,,,,,,,
annual_industry_path,2003.0000000000,S,other_services,82018.0000000000,0.0141768310,195.5000000000,1.8000000000,,,,,,,,,,
annual_industry_path,2004.0000000000,B,mining,6515.0000000000,0.0010811688,180.7000000000,3.6000000000,,,,,,,,,,
annual_industry_path,2004.0000000000,C,manufacturing,2461357.0000000000,0.4084639172,172.7000000000,17.9000000000,,,,,,,,,,
annual_industry_path,2004.0000000000,D,electricity_gas,27894.0000000000,0.0046290288,167.8000000000,4.4000000000,,,,,,,,,,
annual_industry_path,2004.0000000000,E,water_waste,21541.0000000000,0.0035747440,178.1000000000,4.8000000000,,,,,,,,,,
annual_industry_path,2004.0000000000,F,construction,383584.0000000000,0.0636560333,171.4000000000,5.9000000000,,,,,,,,,,
annual_industry_path,2004.0000000000,G,wholesale_retail,1409036.0000000000,0.2338305106,175.8000000000,4.3000000000,,,,,,,,,,
annual_industry_path,2004.0000000000,H,transportation_storage,260851.0000000000,0.0432884061,175.9000000000,6.6000000000,,,,,,,,,,
annual_industry_path,2004.0000000000,I,accommodation_food,189173.0000000000,0.0313933918,168.1000000000,1.1000000000,,,,,,,,,,
annual_industry_path,2004.0000000000,J,information_communication,160791.0000000000,0.0266833790,166.6000000000,2.8000000000,,,,,,,,,,
annual_industry_path,2004.0000000000,K,finance_insurance,359774.0000000000,0.0597047472,165.0000000000,4.1000000000,,,,,,,,,,
annual_industry_path,2004.0000000000,L,real_estate,63853.0000000000,0.0105964500,182.2000000000,3.2000000000,,,,,,,,,,
annual_industry_path,2004.0000000000,M,professional_scientific,168152.0000000000,0.0279049421,172.1000000000,6.2000000000,,,,,,,,,,
annual_industry_path,2004.0000000000,N,support_services,168261.0000000000,0.0279230307,182.2000000000,8.3000000000,,,,,,,,,,
annual_industry_path,2004.0000000000,Q,health_social,217712.0000000000,0.0361294588,173.0000000000,3.3000000000,,,,,,,,,,
annual_industry_path,2004.0000000000,R,arts_recreation,40515.0000000000,0.0067234926,181.3000000000,3.9000000000,,,,,,,,,,
annual_industry_path,2004.0000000000,S,other_services,86877.0000000000,0.0144172990,197.7000000000,2.2000000000,,,,,,,,,,
annual_industry_path,2005.0000000000,B,mining,5806.0000000000,0.0009362841,176.6000000000,4.4000000000,,,,,,,,,,
annual_industry_path,2005.0000000000,C,manufacturing,2479470.0000000000,0.3998429958,171.5000000000,17.3000000000,,,,,,,,,,
annual_industry_path,2005.0000000000,D,electricity_gas,27446.0000000000,0.0044259825,166.7000000000,4.4000000000,,,,,,,,,,
annual_industry_path,2005.0000000000,E,water_waste,20975.0000000000,0.0033824595,176.6000000000,7.9000000000,,,,,,,,,,
annual_industry_path,2005.0000000000,F,construction,399519.0000000000,0.0644270243,172.7000000000,5.0000000000,,,,,,,,,,
annual_industry_path,2005.0000000000,G,wholesale_retail,1455376.0000000000,0.2346960842,173.5000000000,4.1000000000,,,,,,,,,,
annual_industry_path,2005.0000000000,H,transportation_storage,259756.0000000000,0.0418886364,173.7000000000,7.1000000000,,,,,,,,,,
annual_industry_path,2005.0000000000,I,accommodation_food,212766.0000000000,0.0343109595,172.6000000000,1.4000000000,,,,,,,,,,
annual_industry_path,2005.0000000000,J,information_communication,165338.0000000000,0.0266626502,165.3000000000,3.2000000000,,,,,,,,,,
annual_industry_path,2005.0000000000,K,finance_insurance,369110.0000000000,0.0595232240,164.2000000000,3.8000000000,,,,,,,,,,
annual_industry_path,2005.0000000000,L,real_estate,70602.0000000000,0.0113853828,183.4000000000,2.7000000000,,,,,,,,,,
annual_industry_path,2005.0000000000,M,professional_scientific,177110.0000000000,0.0285610203,169.6000000000,5.9000000000,,,,,,,,,,
annual_industry_path,2005.0000000000,N,support_services,191679.0000000000,0.0309104388,180.4000000000,8.5000000000,,,,,,,,,,
annual_industry_path,2005.0000000000,Q,health_social,233020.0000000000,0.0375771495,173.2000000000,2.8000000000,,,,,,,,,,
annual_industry_path,2005.0000000000,R,arts_recreation,44705.0000000000,0.0072091944,180.9000000000,3.6000000000,,,,,,,,,,
annual_industry_path,2005.0000000000,S,other_services,88431.0000000000,0.0142605137,196.6000000000,2.9000000000,,,,,,,,,,
annual_industry_path,2006.0000000000,B,mining,5335.0000000000,0.0008371171,178.5000000000,4.2000000000,,,,,,,,,,
annual_industry_path,2006.0000000000,C,manufacturing,2510432.0000000000,0.3939129426,170.0000000000,17.3000000000,,,,,,,,,,
annual_industry_path,2006.0000000000,D,electricity_gas,27392.0000000000,0.0042980903,167.2000000000,4.4000000000,,,,,,,,,,
annual_industry_path,2006.0000000000,E,water_waste,22674.0000000000,0.0035577869,175.9000000000,8.0000000000,,,,,,,,,,
annual_industry_path,2006.0000000000,F,construction,412718.0000000000,0.0647597552,173.1000000000,5.0000000000,,,,,,,,,,
annual_industry_path,2006.0000000000,G,wholesale_retail,1486834.0000000000,0.2332997493,172.7000000000,2.6000000000,,,,,,,,,,
annual_industry_path,2006.0000000000,H,transportation_storage,260836.0000000000,0.0409278866,172.7000000000,7.2000000000,,,,,,,,,,
annual_industry_path,2006.0000000000,I,accommodation_food,238301.0000000000,0.0373919103,172.4000000000,1.2000000000,,,,,,,,,,
annual_industry_path,2006.0000000000,J,information_communication,167595.0000000000,0.0262974020,165.0000000000,2.5000000000,,,,,,,,,,
annual_industry_path,2006.0000000000,K,finance_insurance,366669.0000000000,0.0575341873,165.0000000000,3.6000000000,,,,,,,,,,
annual_industry_path,2006.0000000000,L,real_estate,76624.0000000000,0.0120231041,179.7000000000,2.9000000000,,,,,,,,,,
annual_industry_path,2006.0000000000,M,professional_scientific,183788.0000000000,0.0288382525,169.3000000000,5.6000000000,,,,,,,,,,
annual_industry_path,2006.0000000000,N,support_services,226534.0000000000,0.0355455454,183.0000000000,8.9000000000,,,,,,,,,,
annual_industry_path,2006.0000000000,Q,health_social,249090.0000000000,0.0390848168,172.6000000000,2.7000000000,,,,,,,,,,
annual_industry_path,2006.0000000000,R,arts_recreation,50175.0000000000,0.0078729804,183.2000000000,3.1000000000,,,,,,,,,,
annual_industry_path,2006.0000000000,S,other_services,88066.0000000000,0.0138184732,199.2000000000,2.0000000000,,,,,,,,,,
annual_industry_path,2007.0000000000,B,mining,4883.0000000000,0.0007483813,179.1000000000,4.9000000000,,,,,,,,,,
annual_industry_path,2007.0000000000,C,manufacturing,2541534.0000000000,0.3895221104,170.0000000000,17.4000000000,,,,,,,,,,
annual_industry_path,2007.0000000000,D,electricity_gas,27755.0000000000,0.0042538035,166.9000000000,4.4000000000,,,,,,,,,,
annual_industry_path,2007.0000000000,E,water_waste,24918.0000000000,0.0038189975,178.5000000000,6.7000000000,,,,,,,,,,
annual_industry_path,2007.0000000000,F,construction,424717.0000000000,0.0650932319,171.5000000000,5.4000000000,,,,,,,,,,
annual_industry_path,2007.0000000000,G,wholesale_retail,1493441.0000000000,0.2288886515,172.1000000000,2.7000000000,,,,,,,,,,
annual_industry_path,2007.0000000000,H,transportation_storage,263215.0000000000,0.0403410154,172.2000000000,7.2000000000,,,,,,,,,,
annual_industry_path,2007.0000000000,I,accommodation_food,255789.0000000000,0.0392028873,171.1000000000,1.4000000000,,,,,,,,,,
annual_industry_path,2007.0000000000,J,information_communication,166450.0000000000,0.0255105599,165.7000000000,2.4000000000,,,,,,,,,,
annual_industry_path,2007.0000000000,K,finance_insurance,371222.0000000000,0.0568944491,163.9000000000,3.2000000000,,,,,,,,,,
annual_industry_path,2007.0000000000,L,real_estate,81981.0000000000,0.0125646213,175.2000000000,2.7000000000,,,,,,,,,,
annual_industry_path,2007.0000000000,M,professional_scientific,194259.0000000000,0.0297726395,169.4000000000,5.9000000000,,,,,,,,,,
annual_industry_path,2007.0000000000,N,support_services,271603.0000000000,0.0416265821,180.9000000000,7.7000000000,,,,,,,,,,
annual_industry_path,2007.0000000000,Q,health_social,261253.0000000000,0.0400403142,172.2000000000,2.9000000000,,,,,,,,,,
annual_industry_path,2007.0000000000,R,arts_recreation,54980.0000000000,0.0084263778,181.5000000000,3.2000000000,,,,,,,,,,
annual_industry_path,2007.0000000000,S,other_services,86749.0000000000,0.0132953773,199.8000000000,1.7000000000,,,,,,,,,,
annual_industry_path,2008.0000000000,B,mining,4761.0000000000,0.0007177268,179.7000000000,4.5000000000,,,,,,,,,,
annual_industry_path,2008.0000000000,C,manufacturing,2557874.0000000000,0.3856027707,169.4000000000,15.3000000000,,,,,,,,,,
annual_industry_path,2008.0000000000,D,electricity_gas,27869.0000000000,0.0042012873,168.2000000000,4.5000000000,,,,,,,,,,
annual_industry_path,2008.0000000000,E,water_waste,25884.0000000000,0.0039020460,180.0000000000,6.5000000000,,,,,,,,,,
annual_industry_path,2008.0000000000,F,construction,428900.0000000000,0.0646572225,170.8000000000,5.6000000000,,,,,,,,,,
annual_industry_path,2008.0000000000,G,wholesale_retail,1502408.0000000000,0.2264899239,173.4000000000,2.5000000000,,,,,,,,,,
annual_industry_path,2008.0000000000,H,transportation_storage,260849.0000000000,0.0393233197,172.1000000000,7.0000000000,,,,,,,,,,
annual_industry_path,2008.0000000000,I,accommodation_food,274911.0000000000,0.0414431842,170.5000000000,1.8000000000,,,,,,,,,,
annual_industry_path,2008.0000000000,J,information_communication,171072.0000000000,0.0257893224,166.8000000000,2.6000000000,,,,,,,,,,
annual_industry_path,2008.0000000000,K,finance_insurance,374415.0000000000,0.0564435392,164.4000000000,3.1000000000,,,,,,,,,,
annual_industry_path,2008.0000000000,L,real_estate,84084.0000000000,0.0126757703,178.4000000000,1.9000000000,,,,,,,,,,
annual_industry_path,2008.0000000000,M,professional_scientific,203679.0000000000,0.0307048693,170.9000000000,5.3000000000,,,,,,,,,,
annual_industry_path,2008.0000000000,N,support_services,303080.0000000000,0.0456896969,180.5000000000,7.6000000000,,,,,,,,,,
annual_industry_path,2008.0000000000,Q,health_social,272896.0000000000,0.0411394204,171.8000000000,2.6000000000,,,,,,,,,,
annual_industry_path,2008.0000000000,R,arts_recreation,55417.0000000000,0.0083541835,179.6000000000,1.8000000000,,,,,,,,,,
annual_industry_path,2008.0000000000,S,other_services,85344.0000000000,0.0128657169,197.8000000000,2.1000000000,,,,,,,,,,
annual_industry_path,2009.0000000000,B,mining,4383.0000000000,0.0006851645,178.3000000000,3.8000000000,,,,,,,,,,
annual_industry_path,2009.0000000000,C,manufacturing,2396041.0000000000,0.3745567456,167.7000000000,11.5000000000,,,,,,,,,,
annual_industry_path,2009.0000000000,D,electricity_gas,28393.0000000000,0.0044384840,168.1000000000,4.3000000000,,,,,,,,,,
annual_industry_path,2009.0000000000,E,water_waste,25389.0000000000,0.0039688892,177.9000000000,5.0000000000,,,,,,,,,,
annual_industry_path,2009.0000000000,F,construction,419890.0000000000,0.0656385395,169.8000000000,5.1000000000,,,,,,,,,,
annual_industry_path,2009.0000000000,G,wholesale_retail,1447496.0000000000,0.2262771760,173.9000000000,2.0000000000,,,,,,,,,,
annual_industry_path,2009.0000000000,H,transportation_storage,253484.0000000000,0.0396254247,174.3000000000,6.1000000000,,,,,,,,,,
annual_industry_path,2009.0000000000,I,accommodation_food,282880.0000000000,0.0442207008,166.6000000000,3.0000000000,,,,,,,,,,
annual_industry_path,2009.0000000000,J,information_communication,170998.0000000000,0.0267309509,166.8000000000,2.2000000000,,,,,,,,,,
annual_industry_path,2009.0000000000,K,finance_insurance,359704.0000000000,0.0562300727,165.2000000000,2.9000000000,,,,,,,,,,
annual_industry_path,2009.0000000000,L,real_estate,81160.0000000000,0.0126871892,180.0000000000,1.7000000000,,,,,,,,,,
annual_industry_path,2009.0000000000,M,professional_scientific,206745.0000000000,0.0323190356,169.5000000000,4.3000000000,,,,,,,,,,
annual_industry_path,2009.0000000000,N,support_services,299974.0000000000,0.0468928892,180.4000000000,7.4000000000,,,,,,,,,,
annual_industry_path,2009.0000000000,Q,health_social,283566.0000000000,0.0443279385,171.0000000000,2.7000000000,,,,,,,,,,
annual_industry_path,2009.0000000000,R,arts_recreation,54437.0000000000,0.0085097649,182.9000000000,1.2000000000,,,,,,,,,,
annual_industry_path,2009.0000000000,S,other_services,82464.0000000000,0.0128910346,193.7000000000,1.4000000000,,,,,,,,,,
annual_industry_path,2010.0000000000,B,mining,4282.0000000000,0.0006465544,180.7000000000,4.3000000000,,,,,,,,,,
annual_industry_path,2010.0000000000,C,manufacturing,2496090.0000000000,0.3768935159,171.6000000000,17.5000000000,,,,,,,,,,
annual_industry_path,2010.0000000000,D,electricity_gas,28541.0000000000,0.0043095072,168.9000000000,4.4000000000,,,,,,,,,,
annual_industry_path,2010.0000000000,E,water_waste,26178.0000000000,0.0039527094,177.4000000000,5.1000000000,,,,,,,,,,
annual_industry_path,2010.0000000000,F,construction,436377.0000000000,0.0658901169,172.3000000000,4.8000000000,,,,,,,,,,
annual_industry_path,2010.0000000000,G,wholesale_retail,1484215.0000000000,0.2241069071,173.7000000000,2.5000000000,,,,,,,,,,
annual_industry_path,2010.0000000000,H,transportation_storage,256734.0000000000,0.0387651807,173.9000000000,7.8000000000,,,,,,,,,,
annual_industry_path,2010.0000000000,I,accommodation_food,300501.0000000000,0.0453737159,168.9000000000,2.7000000000,,,,,,,,,,
annual_industry_path,2010.0000000000,J,information_communication,173933.0000000000,0.0262627629,167.7000000000,2.3000000000,,,,,,,,,,
annual_industry_path,2010.0000000000,K,finance_insurance,356578.0000000000,0.0538409817,166.2000000000,2.6000000000,,,,,,,,,,
annual_industry_path,2010.0000000000,L,real_estate,87905.0000000000,0.0132730889,178.2000000000,2.1000000000,,,,,,,,,,
annual_industry_path,2010.0000000000,M,professional_scientific,217886.0000000000,0.0328993829,169.8000000000,5.1000000000,,,,,,,,,,
annual_industry_path,2010.0000000000,N,support_services,320967.0000000000,0.0484639501,182.8000000000,9.4000000000,,,,,,,,,,
annual_industry_path,2010.0000000000,Q,health_social,291065.0000000000,0.0439489406,172.5000000000,2.5000000000,,,,,,,,,,
annual_industry_path,2010.0000000000,R,arts_recreation,57697.0000000000,0.0087118754,179.6000000000,1.5000000000,,,,,,,,,,
annual_industry_path,2010.0000000000,S,other_services,83850.0000000000,0.0126608100,193.7000000000,2.2000000000,,,,,,,,,,
annual_industry_path,2011.0000000000,B,mining,4176.0000000000,0.0006089395,177.4000000000,4.1000000000,,,,,,,,,,
annual_industry_path,2011.0000000000,C,manufacturing,2595550.0000000000,0.3784801126,169.3000000000,16.0000000000,,,,,,,,,,
annual_industry_path,2011.0000000000,D,electricity_gas,28607.0000000000,0.0041714398,166.3000000000,4.3000000000,,,,,,,,,,
annual_industry_path,2011.0000000000,E,water_waste,26262.0000000000,0.0038294946,173.9000000000,4.9000000000,,,,,,,,,,
annual_industry_path,2011.0000000000,F,construction,444954.0000000000,0.0648826800,172.4000000000,5.8000000000,,,,,,,,,,
annual_industry_path,2011.0000000000,G,wholesale_retail,1530126.0000000000,0.2231212116,171.4000000000,2.6000000000,,,,,,,,,,
annual_industry_path,2011.0000000000,H,transportation_storage,264487.0000000000,0.0385671898,171.3000000000,8.1000000000,,,,,,,,,,
annual_industry_path,2011.0000000000,I,accommodation_food,322844.0000000000,0.0470767404,166.0000000000,3.0000000000,,,,,,,,,,
annual_industry_path,2011.0000000000,J,information_communication,180627.0000000000,0.0263388212,165.7000000000,2.3000000000,,,,,,,,,,
annual_industry_path,2011.0000000000,K,finance_insurance,362870.0000000000,0.0529132856,163.4000000000,2.5000000000,,,,,,,,,,
annual_industry_path,2011.0000000000,L,real_estate,96687.0000000000,0.0140987870,177.5000000000,1.7000000000,,,,,,,,,,
annual_industry_path,2011.0000000000,M,professional_scientific,231738.0000000000,0.0337917684,168.1000000000,4.8000000000,,,,,,,,,,
annual_industry_path,2011.0000000000,N,support_services,330944.0000000000,0.0482578731,182.2000000000,10.0000000000,,,,,,,,,,
annual_industry_path,2011.0000000000,Q,health_social,296700.0000000000,0.0432644524,171.0000000000,2.9000000000,,,,,,,,,,
annual_industry_path,2011.0000000000,R,arts_recreation,56701.0000000000,0.0082680745,179.9000000000,2.1000000000,,,,,,,,,,
annual_industry_path,2011.0000000000,S,other_services,84551.0000000000,0.0123291295,193.3000000000,3.5000000000,,,,,,,,,,
annual_industry_path,2012.0000000000,B,mining,4155.0000000000,0.0005933772,178.1000000000,4.6000000000,,,,,,,,,,
annual_industry_path,2012.0000000000,C,manufacturing,2627967.0000000000,0.3753010265,169.2000000000,14.9000000000,,,,,,,,,,
annual_industry_path,2012.0000000000,D,electricity_gas,28999.0000000000,0.0041413589,168.0000000000,8.5000000000,,,,,,,,,,
annual_industry_path,2012.0000000000,E,water_waste,27138.0000000000,0.0038755887,174.2000000000,4.6000000000,,,,,,,,,,
annual_industry_path,2012.0000000000,F,construction,450099.0000000000,0.0642788196,171.2000000000,6.8000000000,,,,,,,,,,
annual_industry_path,2012.0000000000,G,wholesale_retail,1570202.0000000000,0.2242411805,171.0000000000,2.3000000000,,,,,,,,,,
annual_industry_path,2012.0000000000,H,transportation_storage,268695.0000000000,0.0383724412,171.0000000000,10.2000000000,,,,,,,,,,
annual_industry_path,2012.0000000000,I,accommodation_food,351668.0000000000,0.0502218488,168.9000000000,2.3000000000,,,,,,,,,,
annual_industry_path,2012.0000000000,J,information_communication,186210.0000000000,0.0265927252,166.3000000000,2.4000000000,,,,,,,,,,
annual_industry_path,2012.0000000000,K,finance_insurance,364876.0000000000,0.0521080886,164.9000000000,2.6000000000,,,,,,,,,,
annual_industry_path,2012.0000000000,L,real_estate,99010.0000000000,0.0141396580,178.4000000000,2.0000000000,,,,,,,,,,
annual_industry_path,2012.0000000000,M,professional_scientific,238658.0000000000,0.0340828452,169.0000000000,4.6000000000,,,,,,,,,,
annual_industry_path,2012.0000000000,N,support_services,337314.0000000000,0.0481719483,183.4000000000,8.9000000000,,,,,,,,,,
annual_industry_path,2012.0000000000,Q,health_social,303508.0000000000,0.0433440998,171.8000000000,2.9000000000,,,,,,,,,,
annual_industry_path,2012.0000000000,R,arts_recreation,57778.0000000000,0.0082512995,180.2000000000,2.9000000000,,,,,,,,,,
annual_industry_path,2012.0000000000,S,other_services,86014.0000000000,0.0122836940,194.0000000000,2.9000000000,,,,,,,,,,
annual_industry_path,2013.0000000000,B,mining,3873.0000000000,0.0005431991,176.8000000000,4.8000000000,,,,,,,,,,
annual_industry_path,2013.0000000000,C,manufacturing,2653842.0000000000,0.3722087416,167.8000000000,16.2000000000,,,,,,,,,,
annual_industry_path,2013.0000000000,D,electricity_gas,29508.0000000000,0.0041385793,165.3000000000,9.3000000000,,,,,,,,,,
annual_industry_path,2013.0000000000,E,water_waste,28711.0000000000,0.0040267978,173.5000000000,5.9000000000,,,,,,,,,,
annual_industry_path,2013.0000000000,F,construction,456087.0000000000,0.0639674737,169.6000000000,5.3000000000,,,,,,,,,,
annual_industry_path,2013.0000000000,G,wholesale_retail,1586620.0000000000,0.2225278798,169.0000000000,2.6000000000,,,,,,,,,,
annual_industry_path,2013.0000000000,H,transportation_storage,276815.0000000000,0.0388240757,169.3000000000,9.7000000000,,,,,,,,,,
annual_industry_path,2013.0000000000,I,accommodation_food,376067.0000000000,0.0527444455,167.4000000000,2.5000000000,,,,,,,,,,
annual_industry_path,2013.0000000000,J,information_communication,193534.0000000000,0.0271436832,164.1000000000,2.3000000000,,,,,,,,,,
annual_industry_path,2013.0000000000,K,finance_insurance,366325.0000000000,0.0513781029,162.1000000000,2.5000000000,,,,,,,,,,
annual_industry_path,2013.0000000000,L,real_estate,104720.0000000000,0.0146872720,177.0000000000,2.6000000000,,,,,,,,,,
annual_industry_path,2013.0000000000,M,professional_scientific,244909.0000000000,0.0343491703,167.0000000000,4.9000000000,,,,,,,,,,
annual_industry_path,2013.0000000000,N,support_services,344606.0000000000,0.0483319525,179.3000000000,8.4000000000,,,,,,,,,,
annual_industry_path,2013.0000000000,Q,health_social,312393.0000000000,0.0438139895,169.9000000000,3.2000000000,,,,,,,,,,
annual_industry_path,2013.0000000000,R,arts_recreation,59569.0000000000,0.0083547184,177.3000000000,3.2000000000,,,,,,,,,,
annual_industry_path,2013.0000000000,S,other_services,92404.0000000000,0.0129599187,193.1000000000,3.2000000000,,,,,,,,,,
annual_industry_path,2014.0000000000,B,mining,3848.0000000000,0.0005267200,176.8000000000,4.3000000000,,,,,,,,,,
annual_industry_path,2014.0000000000,C,manufacturing,2714993.0000000000,0.3716323215,168.8000000000,16.2000000000,,,,,,,,,,
annual_industry_path,2014.0000000000,D,electricity_gas,29580.0000000000,0.0040489548,166.7000000000,9.2000000000,,,,,,,,,,
annual_industry_path,2014.0000000000,E,water_waste,29674.0000000000,0.0040618217,173.5000000000,6.3000000000,,,,,,,,,,
annual_industry_path,2014.0000000000,F,construction,459690.0000000000,0.0629230579,171.5000000000,4.5000000000,,,,,,,,,,
annual_industry_path,2014.0000000000,G,wholesale_retail,1609864.0000000000,0.2203606034,169.4000000000,3.4000000000,,,,,,,,,,
annual_industry_path,2014.0000000000,H,transportation_storage,284397.0000000000,0.0389286887,170.5000000000,9.0000000000,,,,,,,,,,
annual_industry_path,2014.0000000000,I,accommodation_food,402853.0000000000,0.0551431240,166.1000000000,3.1000000000,,,,,,,,,,
annual_industry_path,2014.0000000000,J,information_communication,200954.0000000000,0.0275068855,163.9000000000,2.3000000000,,,,,,,,,,
annual_industry_path,2014.0000000000,K,finance_insurance,369642.0000000000,0.0505971524,163.1000000000,2.5000000000,,,,,,,,,,
annual_industry_path,2014.0000000000,L,real_estate,112020.0000000000,0.0153334659,177.2000000000,2.7000000000,,,,,,,,,,
annual_industry_path,2014.0000000000,M,professional_scientific,251103.0000000000,0.0343713560,168.0000000000,5.5000000000,,,,,,,,,,
annual_industry_path,2014.0000000000,N,support_services,359652.0000000000,0.0492297062,179.6000000000,7.9000000000,,,,,,,,,,
annual_industry_path,2014.0000000000,Q,health_social,318987.0000000000,0.0436634199,169.2000000000,3.4000000000,,,,,,,,,,
annual_industry_path,2014.0000000000,R,arts_recreation,60547.0000000000,0.0082877643,176.4000000000,2.0000000000,,,,,,,,,,
annual_industry_path,2014.0000000000,S,other_services,97785.0000000000,0.0133849577,191.2000000000,2.9000000000,,,,,,,,,,
annual_industry_path,2015.0000000000,B,mining,3779.0000000000,0.0005070298,174.3000000000,4.3000000000,,,,,,,,,,
annual_industry_path,2015.0000000000,C,manufacturing,2753248.0000000000,0.3694042742,166.5000000000,15.5000000000,,,,,,,,,,
annual_industry_path,2015.0000000000,D,electricity_gas,30459.0000000000,0.0040866950,165.1000000000,9.8000000000,,,,,,,,,,
annual_industry_path,2015.0000000000,E,water_waste,30394.0000000000,0.0040779739,171.1000000000,5.0000000000,,,,,,,,,,
annual_industry_path,2015.0000000000,F,construction,460682.0000000000,0.0618098696,167.1000000000,5.1000000000,,,,,,,,,,
annual_industry_path,2015.0000000000,G,wholesale_retail,1629711.0000000000,0.2186589109,167.7000000000,3.1000000000,,,,,,,,,,
annual_industry_path,2015.0000000000,H,transportation_storage,294156.0000000000,0.0394670163,168.6000000000,9.4000000000,,,,,,,,,,
annual_industry_path,2015.0000000000,I,accommodation_food,431031.0000000000,0.0578315843,164.2000000000,2.9000000000,,,,,,,,,,
annual_industry_path,2015.0000000000,J,information_communication,210600.0000000000,0.0282562777,162.7000000000,2.4000000000,,,,,,,,,,
annual_industry_path,2015.0000000000,K,finance_insurance,375989.0000000000,0.0504465793,159.7000000000,2.6000000000,,,,,,,,,,
annual_industry_path,2015.0000000000,L,real_estate,113695.0000000000,0.0152544990,174.7000000000,2.5000000000,,,,,,,,,,
annual_industry_path,2015.0000000000,M,professional_scientific,256747.0000000000,0.0344478373,165.8000000000,4.5000000000,,,,,,,,,,
annual_industry_path,2015.0000000000,N,support_services,370411.0000000000,0.0496981771,176.4000000000,8.3000000000,,,,,,,,,,
annual_industry_path,2015.0000000000,Q,health_social,324909.0000000000,0.0435931574,168.0000000000,4.2000000000,,,,,,,,,,
annual_industry_path,2015.0000000000,R,arts_recreation,63362.0000000000,0.0085013023,175.4000000000,2.1000000000,,,,,,,,,,
annual_industry_path,2015.0000000000,S,other_services,104038.0000000000,0.0139588159,187.9000000000,2.5000000000,,,,,,,,,,
annual_industry_path,2016.0000000000,B,mining,3655.0000000000,0.0004837120,167.9000000000,5.6000000000,,,,,,,,,,
annual_industry_path,2016.0000000000,C,manufacturing,2767803.0000000000,0.3662980971,159.4000000000,15.9000000000,,,,,,,,,,
annual_industry_path,2016.0000000000,D,electricity_gas,31000.0000000000,0.0041026189,161.7000000000,10.3000000000,,,,,,,,,,
annual_industry_path,2016.0000000000,E,water_waste,31160.0000000000,0.0041237937,163.6000000000,5.4000000000,,,,,,,,,,
annual_industry_path,2016.0000000000,F,construction,460875.0000000000,0.0609933711,161.5000000000,4.8000000000,,,,,,,,,,
annual_industry_path,2016.0000000000,G,wholesale_retail,1642354.0000000000,0.2173533105,161.2000000000,3.2000000000,,,,,,,,,,
annual_industry_path,2016.0000000000,H,transportation_storage,301334.0000000000,0.0398793089,163.0000000000,9.3000000000,,,,,,,,,,
annual_industry_path,2016.0000000000,I,accommodation_food,457971.0000000000,0.0606090483,160.3000000000,3.1000000000,,,,,,,,,,
annual_industry_path,2016.0000000000,J,information_communication,219006.0000000000,0.0289838117,158.4000000000,2.7000000000,,,,,,,,,,
annual_industry_path,2016.0000000000,K,finance_insurance,378525.0000000000,0.0500949624,159.6000000000,3.2000000000,,,,,,,,,,
annual_industry_path,2016.0000000000,L,real_estate,113615.0000000000,0.0150360984,167.2000000000,1.5000000000,,,,,,,,,,
annual_industry_path,2016.0000000000,M,professional_scientific,262999.0000000000,0.0348059574,161.0000000000,4.2000000000,,,,,,,,,,
annual_industry_path,2016.0000000000,N,support_services,378888.0000000000,0.0501430027,170.7000000000,8.7000000000,,,,,,,,,,
annual_industry_path,2016.0000000000,Q,health_social,330104.0000000000,0.0436868040,161.9000000000,4.3000000000,,,,,,,,,,
annual_industry_path,2016.0000000000,R,arts_recreation,67062.0000000000,0.0088751558,167.3000000000,2.2000000000,,,,,,,,,,
annual_industry_path,2016.0000000000,S,other_services,109798.0000000000,0.0145309469,181.4000000000,2.9000000000,,,,,,,,,,
annual_industry_path,2017.0000000000,B,mining,3507.0000000000,0.0004550486,164.4000000000,6.0000000000,,,,,,,,,,
annual_industry_path,2017.0000000000,C,manufacturing,2814679.0000000000,0.3652169253,160.7000000000,15.0000000000,,,,,,,,,,
annual_industry_path,2017.0000000000,D,electricity_gas,31587.0000000000,0.0040985516,164.8000000000,11.7000000000,,,,,,,,,,
annual_industry_path,2017.0000000000,E,water_waste,32349.0000000000,0.0041974244,162.8000000000,5.1000000000,,,,,,,,,,
annual_industry_path,2017.0000000000,F,construction,461027.0000000000,0.0598202720,161.7000000000,3.6000000000,,,,,,,,,,
annual_industry_path,2017.0000000000,G,wholesale_retail,1665365.0000000000,0.2160884011,161.3000000000,3.2000000000,,,,,,,,,,
annual_industry_path,2017.0000000000,H,transportation_storage,304891.0000000000,0.0395609423,163.1000000000,9.0000000000,,,,,,,,,,
annual_industry_path,2017.0000000000,I,accommodation_food,483144.0000000000,0.0626900496,157.2000000000,3.0000000000,,,,,,,,,,
annual_industry_path,2017.0000000000,J,information_communication,227389.0000000000,0.0295047185,160.6000000000,2.2000000000,,,,,,,,,,
annual_industry_path,2017.0000000000,K,finance_insurance,382889.0000000000,0.0496815244,161.6000000000,3.0000000000,,,,,,,,,,
annual_industry_path,2017.0000000000,L,real_estate,114898.0000000000,0.0149085186,167.4000000000,1.7000000000,,,,,,,,,,
annual_industry_path,2017.0000000000,M,professional_scientific,269440.0000000000,0.0349610198,161.5000000000,3.6000000000,,,,,,,,,,
annual_industry_path,2017.0000000000,N,support_services,390800.0000000000,0.0507080113,171.0000000000,7.9000000000,,,,,,,,,,
annual_industry_path,2017.0000000000,Q,health_social,340230.0000000000,0.0441463323,163.2000000000,3.6000000000,,,,,,,,,,
annual_industry_path,2017.0000000000,R,arts_recreation,70245.0000000000,0.0091145963,162.4000000000,2.0000000000,,,,,,,,,,
annual_industry_path,2017.0000000000,S,other_services,114429.0000000000,0.0148476638,177.7000000000,2.3000000000,,,,,,,,,,
annual_industry_path,2018.0000000000,B,mining,3389.0000000000,0.0004316154,161.9000000000,5.9000000000,,,,,,,,,,
annual_industry_path,2018.0000000000,C,manufacturing,2859967.0000000000,0.3642389394,160.9000000000,15.0000000000,,,,,,,,,,
annual_industry_path,2018.0000000000,D,electricity_gas,32276.0000000000,0.0041105985,166.0000000000,11.7000000000,,,,,,,,,,
annual_industry_path,2018.0000000000,E,water_waste,34290.0000000000,0.0043670970,162.8000000000,4.9000000000,,,,,,,,,,
annual_industry_path,2018.0000000000,F,construction,462940.0000000000,0.0589589931,162.5000000000,3.5000000000,,,,,,,,,,
annual_industry_path,2018.0000000000,G,wholesale_retail,1688171.0000000000,0.2150016467,160.6000000000,3.5000000000,,,,,,,,,,
annual_industry_path,2018.0000000000,H,transportation_storage,306621.0000000000,0.0390505582,164.3000000000,8.9000000000,,,,,,,,,,
annual_industry_path,2018.0000000000,I,accommodation_food,497901.0000000000,0.0634115471,154.9000000000,3.1000000000,,,,,,,,,,
annual_industry_path,2018.0000000000,J,information_communication,237172.0000000000,0.0302056904,159.9000000000,2.0000000000,,,,,,,,,,
annual_industry_path,2018.0000000000,K,finance_insurance,384652.0000000000,0.0489884102,162.7000000000,3.3000000000,,,,,,,,,,
annual_industry_path,2018.0000000000,L,real_estate,117512.0000000000,0.0149660630,166.7000000000,2.4000000000,,,,,,,,,,
annual_industry_path,2018.0000000000,M,professional_scientific,281141.0000000000,0.0358054830,161.3000000000,3.8000000000,,,,,,,,,,
annual_industry_path,2018.0000000000,N,support_services,402267.0000000000,0.0512318168,170.9000000000,7.5000000000,,,,,,,,,,
annual_industry_path,2018.0000000000,Q,health_social,353114.0000000000,0.0449718017,161.9000000000,3.6000000000,,,,,,,,,,
annual_industry_path,2018.0000000000,R,arts_recreation,74577.0000000000,0.0094979583,159.8000000000,2.1000000000,,,,,,,,,,
annual_industry_path,2018.0000000000,S,other_services,115908.0000000000,0.0147617812,175.3000000000,2.5000000000,,,,,,,,,,
annual_industry_path,2019.0000000000,B,mining,3294.0000000000,0.0004073541,163.0000000000,5.7000000000,,,,,,,,,,
annual_industry_path,2019.0000000000,C,manufacturing,2879943.0000000000,0.3561495759,160.8000000000,14.2000000000,,,,,,,,,,
annual_industry_path,2019.0000000000,D,electricity_gas,33288.0000000000,0.0041165770,165.4000000000,11.6000000000,,,,,,,,,,
annual_industry_path,2019.0000000000,E,water_waste,35610.0000000000,0.0044037283,162.9000000000,5.0000000000,,,,,,,,,,
annual_industry_path,2019.0000000000,F,construction,469923.0000000000,0.0581132603,162.7000000000,3.9000000000,,,,,,,,,,
annual_industry_path,2019.0000000000,G,wholesale_retail,1704037.0000000000,0.2107305786,160.1000000000,3.7000000000,,,,,,,,,,
annual_industry_path,2019.0000000000,H,transportation_storage,307719.0000000000,0.0380542224,164.1000000000,9.1000000000,,,,,,,,,,
annual_industry_path,2019.0000000000,I,accommodation_food,513393.0000000000,0.0634889993,155.7000000000,2.7000000000,,,,,,,,,,
annual_industry_path,2019.0000000000,J,information_communication,248375.0000000000,0.0307154173,159.9000000000,1.8000000000,,,,,,,,,,
annual_industry_path,2019.0000000000,K,finance_insurance,386949.0000000000,0.0478522395,162.4000000000,3.3000000000,,,,,,,,,,
annual_industry_path,2019.0000000000,L,real_estate,123728.0000000000,0.0153008843,164.9000000000,2.9000000000,,,,,,,,,,
annual_industry_path,2019.0000000000,M,professional_scientific,326233.0000000000,0.0403437653,160.4000000000,3.8000000000,,,,,,,,,,
annual_industry_path,2019.0000000000,N,support_services,417715.0000000000,0.0516569321,170.7000000000,7.6000000000,,,,,,,,,,
annual_industry_path,2019.0000000000,Q,health_social,439826.0000000000,0.0543912999,161.8000000000,4.9000000000,,,,,,,,,,
annual_industry_path,2019.0000000000,R,arts_recreation,77774.0000000000,0.0096179602,160.0000000000,2.0000000000,,,,,,,,,,
annual_industry_path,2019.0000000000,S,other_services,118523.0000000000,0.0146572054,174.0000000000,2.4000000000,,,,,,,,,,
annual_industry_path,2020.0000000000,B,mining,3186.0000000000,0.0003920762,164.4000000000,5.8000000000,,,,,,,,,,
annual_industry_path,2020.0000000000,C,manufacturing,2876582.0000000000,0.3539985560,160.9000000000,13.5000000000,,,,,,,,,,
annual_industry_path,2020.0000000000,D,electricity_gas,34376.0000000000,0.0042303867,166.6000000000,11.0000000000,,,,,,,,,,
annual_industry_path,2020.0000000000,E,water_waste,36613.0000000000,0.0045056769,164.2000000000,5.6000000000,,,,,,,,,,
annual_industry_path,2020.0000000000,F,construction,476238.0000000000,0.0586069037,164.2000000000,3.9000000000,,,,,,,,,,
annual_industry_path,2020.0000000000,G,wholesale_retail,1704797.0000000000,0.2097960970,159.7000000000,3.1000000000,,,,,,,,,,
annual_industry_path,2020.0000000000,H,transportation_storage,303216.0000000000,0.0373144329,163.6000000000,8.3000000000,,,,,,,,,,
annual_industry_path,2020.0000000000,I,accommodation_food,489735.0000000000,0.0602678744,153.6000000000,3.5000000000,,,,,,,,,,
annual_industry_path,2020.0000000000,J,information_communication,260368.0000000000,0.0320414631,161.5000000000,1.6000000000,,,,,,,,,,
annual_industry_path,2020.0000000000,K,finance_insurance,391879.0000000000,0.0482254982,163.6000000000,3.5000000000,,,,,,,,,,
annual_industry_path,2020.0000000000,L,real_estate,128893.0000000000,0.0158618582,165.8000000000,2.9000000000,,,,,,,,,,
annual_industry_path,2020.0000000000,M,professional_scientific,335447.0000000000,0.0412808512,160.3000000000,4.0000000000,,,,,,,,,,
annual_industry_path,2020.0000000000,N,support_services,423022.0000000000,0.0520580248,172.3000000000,8.3000000000,,,,,,,,,,
annual_industry_path,2020.0000000000,Q,health_social,463480.0000000000,0.0570368760,160.4000000000,4.6000000000,,,,,,,,,,
annual_industry_path,2020.0000000000,R,arts_recreation,80933.0000000000,0.0099597943,156.0000000000,1.8000000000,,,,,,,,,,
annual_industry_path,2020.0000000000,S,other_services,117206.0000000000,0.0144236301,169.7000000000,2.3000000000,,,,,,,,,,
annual_industry_path,2021.0000000000,B,mining,3113.0000000000,0.0003801383,164.4000000000,6.1000000000,,,,,,,,,,
annual_industry_path,2021.0000000000,C,manufacturing,2903858.0000000000,0.3545993009,160.2000000000,15.5000000000,,,,,,,,,,
annual_industry_path,2021.0000000000,D,electricity_gas,34992.0000000000,0.0042729840,165.7000000000,11.6000000000,,,,,,,,,,
annual_industry_path,2021.0000000000,E,water_waste,37815.0000000000,0.0046177095,163.5000000000,6.5000000000,,,,,,,,,,
annual_industry_path,2021.0000000000,F,construction,477730.0000000000,0.0583371239,161.6000000000,4.0000000000,,,,,,,,,,
annual_industry_path,2021.0000000000,G,wholesale_retail,1703099.0000000000,0.2079708150,155.5000000000,2.8000000000,,,,,,,,,,
annual_industry_path,2021.0000000000,H,transportation_storage,299433.0000000000,0.0365647123,162.2000000000,7.8000000000,,,,,,,,,,
annual_industry_path,2021.0000000000,I,accommodation_food,497997.0000000000,0.0608119915,151.8000000000,3.7000000000,,,,,,,,,,
annual_industry_path,2021.0000000000,J,information_communication,267494.0000000000,0.0326645399,159.6000000000,1.8000000000,,,,,,,,,,
annual_industry_path,2021.0000000000,K,finance_insurance,393992.0000000000,0.0481116114,162.2000000000,3.4000000000,,,,,,,,,,
annual_industry_path,2021.0000000000,L,real_estate,133635.0000000000,0.0163185933,163.8000000000,3.0000000000,,,,,,,,,,
annual_industry_path,2021.0000000000,M,professional_scientific,340793.0000000000,0.0416153130,159.0000000000,3.3000000000,,,,,,,,,,
annual_industry_path,2021.0000000000,N,support_services,427932.0000000000,0.0522561324,171.6000000000,8.4000000000,,,,,,,,,,
annual_industry_path,2021.0000000000,Q,health_social,484595.0000000000,0.0591754308,154.7000000000,3.5000000000,,,,,,,,,,
annual_industry_path,2021.0000000000,R,arts_recreation,70219.0000000000,0.0085746646,135.9000000000,1.7000000000,,,,,,,,,,
annual_industry_path,2021.0000000000,S,other_services,112428.0000000000,0.0137289393,158.5000000000,2.0000000000,,,,,,,,,,
annual_industry_path,2022.0000000000,B,mining,3091.0000000000,0.0003745584,162.3000000000,6.8000000000,,,,,,,,,,
annual_industry_path,2022.0000000000,C,manufacturing,2918599.0000000000,0.3536673337,159.6000000000,15.0000000000,,,,,,,,,,
annual_industry_path,2022.0000000000,D,electricity_gas,35456.0000000000,0.0042964549,166.5000000000,11.5000000000,,,,,,,,,,
annual_industry_path,2022.0000000000,E,water_waste,38121.0000000000,0.0046193918,163.7000000000,6.2000000000,,,,,,,,,,
annual_industry_path,2022.0000000000,F,construction,481895.0000000000,0.0583946338,162.1000000000,4.1000000000,,,,,,,,,,
annual_industry_path,2022.0000000000,G,wholesale_retail,1703823.0000000000,0.2064643130,157.6000000000,2.9000000000,,,,,,,,,,
annual_industry_path,2022.0000000000,H,transportation_storage,296134.0000000000,0.0358846564,162.3000000000,8.0000000000,,,,,,,,,,
annual_industry_path,2022.0000000000,I,accommodation_food,504802.0000000000,0.0611704374,153.7000000000,3.7000000000,,,,,,,,,,
annual_industry_path,2022.0000000000,J,information_communication,275197.0000000000,0.0333475716,160.5000000000,2.0000000000,,,,,,,,,,
annual_industry_path,2022.0000000000,K,finance_insurance,396474.0000000000,0.0480435656,162.7000000000,3.5000000000,,,,,,,,,,
annual_industry_path,2022.0000000000,L,real_estate,136591.0000000000,0.0165516999,165.2000000000,3.0000000000,,,,,,,,,,
annual_industry_path,2022.0000000000,M,professional_scientific,342690.0000000000,0.0415261770,159.6000000000,3.3000000000,,,,,,,,,,
annual_industry_path,2022.0000000000,N,support_services,435121.0000000000,0.0527266966,169.6000000000,7.6000000000,,,,,,,,,,
annual_industry_path,2022.0000000000,Q,health_social,498829.0000000000,0.0604466466,156.3000000000,3.8000000000,,,,,,,,,,
annual_industry_path,2022.0000000000,R,arts_recreation,73935.0000000000,0.0089592282,150.3000000000,2.5000000000,,,,,,,,,,
annual_industry_path,2022.0000000000,S,other_services,111627.0000000000,0.0135266350,163.8000000000,1.9000000000,,,,,,,,,,
annual_industry_path,2023.0000000000,B,mining,3105.0000000000,0.0003756857,160.5000000000,7.5000000000,,,,,,,,,,
annual_industry_path,2023.0000000000,C,manufacturing,2888729.0000000000,0.3495182693,159.2000000000,15.2000000000,,,,,,,,,,
annual_industry_path,2023.0000000000,D,electricity_gas,35934.0000000000,0.0043477908,165.7000000000,12.3000000000,,,,,,,,,,
annual_industry_path,2023.0000000000,E,water_waste,39323.0000000000,0.0047578388,162.9000000000,5.8000000000,,,,,,,,,,
annual_industry_path,2023.0000000000,F,construction,485376.0000000000,0.0587274817,161.8000000000,4.3000000000,,,,,,,,,,
annual_industry_path,2023.0000000000,G,wholesale_retail,1703230.0000000000,0.2060802525,159.9000000000,3.3000000000,,,,,,,,,,
annual_industry_path,2023.0000000000,H,transportation_storage,296726.0000000000,0.0359020033,162.3000000000,8.7000000000,,,,,,,,,,
annual_industry_path,2023.0000000000,I,accommodation_food,517943.0000000000,0.0626678864,155.8000000000,5.2000000000,,,,,,,,,,
annual_industry_path,2023.0000000000,J,information_communication,278230.0000000000,0.0336641021,159.9000000000,2.3000000000,,,,,,,,,,
annual_industry_path,2023.0000000000,K,finance_insurance,401054.0000000000,0.0485250434,161.8000000000,3.8000000000,,,,,,,,,,
annual_industry_path,2023.0000000000,L,real_estate,135099.0000000000,0.0163461400,166.4000000000,3.7000000000,,,,,,,,,,
annual_industry_path,2023.0000000000,M,professional_scientific,343467.0000000000,0.0415573740,160.5000000000,3.4000000000,,,,,,,,,,
annual_industry_path,2023.0000000000,N,support_services,435767.0000000000,0.0527251008,169.9000000000,7.3000000000,,,,,,,,,,
annual_industry_path,2023.0000000000,Q,health_social,502454.0000000000,0.0607938136,161.5000000000,4.4000000000,,,,,,,,,,
annual_industry_path,2023.0000000000,R,arts_recreation,82651.0000000000,0.0100002577,159.3000000000,3.4000000000,,,,,,,,,,
annual_industry_path,2023.0000000000,S,other_services,115799.0000000000,0.0140109599,166.6000000000,2.0000000000,,,,,,,,,,
annual_industry_path,2024.0000000000,B,mining,3038.0000000000,0.0003661205,159.6000000000,7.0000000000,,,,,,,,,,
annual_industry_path,2024.0000000000,C,manufacturing,2861523.0000000000,0.3448525907,160.9000000000,16.2000000000,,,,,,,,,,
annual_industry_path,2024.0000000000,D,electricity_gas,36458.0000000000,0.0043936868,164.0000000000,11.9000000000,,,,,,,,,,
annual_industry_path,2024.0000000000,E,water_waste,38955.0000000000,0.0046946094,162.0000000000,5.9000000000,,,,,,,,,,
annual_industry_path,2024.0000000000,F,construction,495067.0000000000,0.0596623328,162.3000000000,5.0000000000,,,,,,,,,,
annual_industry_path,2024.0000000000,G,wholesale_retail,1713292.0000000000,0.2064750781,160.1000000000,3.5000000000,,,,,,,,,,
annual_industry_path,2024.0000000000,H,transportation_storage,296707.0000000000,0.0357572445,161.4000000000,9.1000000000,,,,,,,,,,
annual_industry_path,2024.0000000000,I,accommodation_food,534428.0000000000,0.0644058707,156.5000000000,6.2000000000,,,,,,,,,,
annual_industry_path,2024.0000000000,J,information_communication,276000.0000000000,0.0332617683,159.6000000000,2.6000000000,,,,,,,,,,
annual_industry_path,2024.0000000000,K,finance_insurance,405844.0000000000,0.0489097431,160.5000000000,3.8000000000,,,,,,,,,,
annual_industry_path,2024.0000000000,L,real_estate,135264.0000000000,0.0163011588,163.8000000000,2.6000000000,,,,,,,,,,
annual_industry_path,2024.0000000000,M,professional_scientific,343343.0000000000,0.0413775193,160.3000000000,3.2000000000,,,,,,,,,,
annual_industry_path,2024.0000000000,N,support_services,443846.0000000000,0.0534895030,169.1000000000,7.4000000000,,,,,,,,,,
annual_industry_path,2024.0000000000,Q,health_social,513371.0000000000,0.0618682147,161.0000000000,4.7000000000,,,,,,,,,,
annual_industry_path,2024.0000000000,R,arts_recreation,82976.0000000000,0.0099997409,161.0000000000,2.8000000000,,,,,,,,,,
annual_industry_path,2024.0000000000,S,other_services,117703.0000000000,0.0141848185,165.1000000000,2.2000000000,,,,,,,,,,
annual_aggregate_path,2000.0000000000,ALL,common_16_weighted_aggregate,5933627.0000000000,1.0000000000,180.2271967887,9.8523381905,,,,,,,,,,
annual_aggregate_path,2001.0000000000,ALL,common_16_weighted_aggregate,5716477.0000000000,1.0000000000,171.7531070798,8.5904786462,,,,,,,,,,
annual_aggregate_path,2002.0000000000,ALL,common_16_weighted_aggregate,5650206.0000000000,1.0000000000,172.4555705934,8.9436019324,,,,,,,,,,
annual_aggregate_path,2003.0000000000,ALL,common_16_weighted_aggregate,5785355.0000000000,1.0000000000,172.0879036982,9.2022232516,,,,,,,,,,
annual_aggregate_path,2004.0000000000,ALL,common_16_weighted_aggregate,6025886.0000000000,1.0000000000,173.4972960491,9.9895510801,,,,,,,,,,
annual_aggregate_path,2005.0000000000,ALL,common_16_weighted_aggregate,6201109.0000000000,1.0000000000,172.4234640610,9.5434555819,,,,,,,,,,
annual_aggregate_path,2006.0000000000,ALL,common_16_weighted_aggregate,6373063.0000000000,1.0000000000,171.7953969857,9.0786682322,,,,,,,,,,
annual_aggregate_path,2007.0000000000,ALL,common_16_weighted_aggregate,6524749.0000000000,1.0000000000,171.3619093087,9.0795767469,,,,,,,,,,
annual_aggregate_path,2008.0000000000,ALL,common_16_weighted_aggregate,6633443.0000000000,1.0000000000,171.4593115822,8.1504941853,,,,,,,,,,
annual_aggregate_path,2009.0000000000,ALL,common_16_weighted_aggregate,6397004.0000000000,1.0000000000,170.7590961331,6.3879915817,,,,,,,,,,
annual_aggregate_path,2010.0000000000,ALL,common_16_weighted_aggregate,6622799.0000000000,1.0000000000,172.6676387733,8.9413609563,,,,,,,,,,
annual_aggregate_path,2011.0000000000,ALL,common_16_weighted_aggregate,6857824.0000000000,1.0000000000,170.6491743737,8.5525308028,,,,,,,,,,
annual_aggregate_path,2012.0000000000,ALL,common_16_weighted_aggregate,7002291.0000000000,1.0000000000,170.8201058054,8.1058476147,,,,,,,,,,
annual_aggregate_path,2013.0000000000,ALL,common_16_weighted_aggregate,7129983.0000000000,1.0000000000,169.0062476867,8.5324641868,,,,,,,,,,
annual_aggregate_path,2014.0000000000,ALL,common_16_weighted_aggregate,7305589.0000000000,1.0000000000,169.6242752501,8.6521938067,,,,,,,,,,
annual_aggregate_path,2015.0000000000,ALL,common_16_weighted_aggregate,7453211.0000000000,1.0000000000,167.3486815951,8.3606240585,,,,,,,,,,
annual_aggregate_path,2016.0000000000,ALL,common_16_weighted_aggregate,7556149.0000000000,1.0000000000,161.3679369875,8.5315001994,,,,,,,,,,
annual_aggregate_path,2017.0000000000,ALL,common_16_weighted_aggregate,7706869.0000000000,1.0000000000,161.8624889693,7.9783565933,,,,,,,,,,
annual_aggregate_path,2018.0000000000,ALL,common_16_weighted_aggregate,7851898.0000000000,1.0000000000,161.6303403330,8.0356512018,,,,,,,,,,
annual_aggregate_path,2019.0000000000,ALL,common_16_weighted_aggregate,8086330.0000000000,1.0000000000,161.4408605882,7.7778776899,,,,,,,,,,
annual_aggregate_path,2020.0000000000,ALL,common_16_weighted_aggregate,8125971.0000000000,1.0000000000,161.3882514717,7.4293343651,,,,,,,,,,
annual_aggregate_path,2021.0000000000,ALL,common_16_weighted_aggregate,8189125.0000000000,1.0000000000,159.0308388259,8.0008279273,,,,,,,,,,
annual_aggregate_path,2022.0000000000,ALL,common_16_weighted_aggregate,8252385.0000000000,1.0000000000,159.6915587676,7.8372367746,,,,,,,,,,
annual_aggregate_path,2023.0000000000,ALL,common_16_weighted_aggregate,8264887.0000000000,1.0000000000,160.5716383176,8.1453892715,,,,,,,,,,
annual_aggregate_path,2024.0000000000,ALL,common_16_weighted_aggregate,8297815.0000000000,1.0000000000,161.0361681479,8.6077771437,,,,,,,,,,
reform_window_comparison,,I,accommodation_food,,,,,-1.6437500000,-1.5333333333,0.0937500000,-0.1333333333,0.1104166667,-0.2270833333,,,,
reform_window_comparison,,R,arts_recreation,,,,,-1.7875000000,-2.4333333333,-0.0625000000,-0.0666666667,-0.6458333333,-0.0041666667,,,,
reform_window_comparison,,F,construction,,,,,-1.1250000000,0.4000000000,-0.2000000000,-0.3000000000,1.5250000000,-0.1000000000,,,,
reform_window_comparison,,D,electricity_gas,,,,,-0.8000000000,1.2333333333,0.1562500000,0.4333333333,2.0333333333,0.2770833333,,,,
reform_window_comparison,,K,finance_insurance,,,,,-0.6187500000,0.9333333333,-0.0750000000,0.0333333333,1.5520833333,0.1083333333,,,,
reform_window_comparison,,Q,health_social,,,,,-1.0500000000,-0.0333333333,0.0312500000,0.2000000000,1.0166666667,0.1687500000,,,,
reform_window_comparison,,J,information_communication,,,,,-0.9187500000,0.5000000000,-0.0312500000,-0.3000000000,1.4187500000,-0.2687500000,,,,
reform_window_comparison,,C,manufacturing,,,,,-1.4062500000,0.4666666667,-0.0562500000,-0.5666666667,1.8729166667,-0.5104166667,,,,
reform_window_comparison,,B,mining,,,,,-0.7250000000,-1.6333333333,-0.0187500000,0.0333333333,-0.9083333333,0.0520833333,,,,
reform_window_comparison,,S,other_services,,,,,-1.5312500000,-2.4666666667,0.0437500000,-0.1666666667,-0.9354166667,-0.2104166667,,,,
reform_window_comparison,,M,professional_scientific,,,,,-0.9500000000,-0.2000000000,-0.1500000000,-0.1333333333,0.7500000000,0.0166666667,,,,
reform_window_comparison,,L,real_estate,,,,,-0.4687500000,-0.7666666667,-0.1312500000,0.4666666667,-0.2979166667,0.5979166667,,,,
reform_window_comparison,,N,support_services,,,,,-1.0437500000,0.0000000000,0.2500000000,-0.3666666667,1.0437500000,-0.6166666667,,,,
reform_window_comparison,,H,transportation_storage,,,,,-1.2437500000,0.3666666667,0.1625000000,-0.0666666667,1.6104166667,-0.2291666667,,,,
reform_window_comparison,,E,water_waste,,,,,-1.1750000000,-0.2333333333,-0.0125000000,-0.1333333333,0.9416666667,-0.1208333333,,,,
reform_window_comparison,,G,wholesale_retail,,,,,-1.0750000000,-0.3666666667,-0.0812500000,0.1666666667,0.7083333333,0.2479166667,,,,
reform_window_comparison,,ALL,common_16_weighted_aggregate,,,,,-1.1787037376,0.0243078669,-0.0825523744,-0.2512075032,1.2030116045,-0.1686551287,,,,
part_time_availability_audit,,,industry_and_services_total,,,,,,,,,,,2000-2024,False,False,official_query_returned_no_consistent_annual_values_for_2000_2024
