year,industry_code,industry,employees,total_monthly,regular_monthly,total_hours,regular_hours,source_release,tsic_version,employment_share,regular_hourly,total_hourly,real_regular_monthly,real_total_monthly,real_regular_hourly,real_total_hourly,cpi_2024_100
2016,B,mining,3772.0000000000,52398.0000000000,43434.0000000000,173.1000000000,167.6000000000,2016,10,0.0005063611,259.1527446301,302.7036395147,48851.7333518795,58933.8565218903,291.4781226246,340.4613317267,88.9098441751
2016,C,manufacturing,2722979.0000000000,47258.0000000000,36120.0000000000,175.1000000000,159.4000000000,2016,10,0.3655383665,226.5997490590,269.8914905768,40625.4226796954,53152.7194074486,254.8646341261,303.5563644058,88.9098441751
2016,D,electricity_gas,30132.0000000000,94292.0000000000,65009.0000000000,172.0000000000,161.7000000000,2016,10,0.0040449824,402.0346320346,548.2093023256,73117.8876795215,106053.4982091317,452.1823604176,616.5901058670,88.9098441751
2016,E,water_waste,27838.0000000000,42843.0000000000,35464.0000000000,168.6000000000,163.4000000000,2016,10,0.0037370310,217.0379436965,254.1103202847,39887.5966199534,48187.0150572035,244.1101384330,285.8067322491,88.9098441751
2016,F,construction,460878.0000000000,42839.0000000000,38236.0000000000,166.3000000000,161.5000000000,2016,10,0.0618692216,236.7554179567,257.6007215875,43005.3616163021,48182.5161178148,266.2870688316,289.7325082250,88.9098441751
2016,G,wholesale_retail,1656678.0000000000,45429.0000000000,38193.0000000000,164.5000000000,161.1000000000,2016,10,0.2223959016,237.0763500931,276.1641337386,42956.9980178739,51095.5793719790,266.6480323890,310.6114247537,88.9098441751
2016,H,transportation_storage,288003.0000000000,52132.0000000000,41301.0000000000,172.4000000000,163.1000000000,2016,10,0.0386621219,253.2250153280,302.3897911833,46452.6739228710,58634.6770525437,284.8109989140,340.1083355716,88.9098441751
2016,I,accommodation_food,403350.0000000000,32622.0000000000,29158.0000000000,163.5000000000,160.2000000000,2016,10,0.0541465432,182.0099875156,199.5229357798,32795.0186737142,36691.1001843030,204.7129754913,224.4103986808,88.9098441751
2016,J,information_communication,199699.0000000000,67709.0000000000,54148.0000000000,161.2000000000,158.4000000000,2016,10,0.0268080093,341.8434343434,420.0310173697,60902.1425044337,76154.6717668741,384.4832228815,472.4235221270,88.9098441751
2016,K,finance_insurance,377479.0000000000,85417.0000000000,60322.0000000000,162.8000000000,159.6000000000,2016,10,0.0506735664,377.9573934837,524.6744471744,67846.2554508468,96071.4764405188,425.1018511958,590.1196341555,88.9098441751
2016,L,real_estate,115802.0000000000,41339.0000000000,35106.0000000000,168.6000000000,167.2000000000,2016,10,0.0155455014,209.9641148325,245.1897983393,39484.9415446674,46495.4138470633,236.1539566069,275.7735103622,88.9098441751
2016,M,professional_scientific,257920.0000000000,58708.0000000000,50279.0000000000,165.5000000000,161.2000000000,2016,10,0.0346237174,311.9044665012,354.7311178248,56550.5433807421,66030.9334075182,350.8098224612,398.9784495923,88.9098441751
2016,N,support_services,344512.0000000000,36023.0000000000,32231.0000000000,181.6000000000,172.1000000000,2016,10,0.0462480077,187.2806507844,198.3645374449,36251.3288590604,40516.3233995201,210.6410741375,223.1075077066,88.9098441751
2016,P,education,73560.0000000000,24873.0000000000,23342.0000000000,132.7000000000,131.9000000000,2016,10,0.0098748475,176.9673995451,187.4378296910,26253.5608025872,27975.5298536009,199.0414010810,210.8178587310,88.9098441751
2016,Q,health_social,342756.0000000000,65239.0000000000,53430.0000000000,166.2000000000,161.9000000000,2016,10,0.0460122786,330.0185299568,392.5330926594,60094.5828841673,73376.5766943701,371.1833408534,441.4956479806,88.9098441751
2016,R,arts_recreation,56810.0000000000,36807.0000000000,34249.0000000000,169.6000000000,167.4000000000,2016,10,0.0076262926,204.5937873357,217.0224056604,38521.0437806447,41398.1155196996,230.1137621305,244.0926622624,88.9098441751
2016,S,other_services,87061.0000000000,34145.0000000000,29653.0000000000,182.9000000000,179.9000000000,2016,10,0.0116872498,164.8304613674,186.6867140514,33351.7624230622,38404.0713565393,185.3905637747,209.9730527968,88.9098441751
2017,B,mining,3665.0000000000,56302.0000000000,42975.0000000000,170.2000000000,164.4000000000,2017,10,0.0004847921,261.4051094891,330.7990599295,48036.8886239341,62933.6335847524,292.1951862770,369.7628295226,89.4624969082
2017,C,manufacturing,2761568.0000000000,48660.0000000000,36910.0000000000,175.5000000000,160.7000000000,2017,10,0.3652895750,229.6826384568,277.2649572650,41257.5115557744,54391.5067001892,256.7362262338,309.9231151008,89.4624969082
2017,D,electricity_gas,30416.0000000000,94551.0000000000,64014.0000000000,176.5000000000,164.8000000000,2017,10,0.0040233113,388.4344660194,535.6997167139,71554.0055467717,105687.8616935797,434.1869268615,598.7980832497,89.4624969082
2017,E,water_waste,28182.0000000000,43744.0000000000,35625.0000000000,167.8000000000,162.9000000000,2017,10,0.0037278064,218.6924493554,260.6912991657,39821.1554910448,48896.4666891302,244.4515376982,291.3972985049,89.4624969082
2017,F,construction,461027.0000000000,42506.0000000000,38002.0000000000,165.3000000000,161.7000000000,2017,10,0.0609828753,235.0154607297,257.1445856019,42478.1347640894,47512.6466049783,262.6971846882,287.4328288262,89.4624969082
2017,G,wholesale_retail,1681587.0000000000,47368.0000000000,39310.0000000000,164.7000000000,161.3000000000,2017,10,0.2224338494,243.7073775573,287.6017000607,43940.1999256975,52947.3261277140,272.4128947656,321.4773899679,89.4624969082
2017,H,transportation_storage,290446.0000000000,52867.0000000000,42020.0000000000,172.1000000000,163.1000000000,2017,10,0.0384190778,257.6333537707,307.1876815805,46969.4022100689,59094.0358553001,287.9791674437,343.3703419831,89.4624969082
2017,I,accommodation_food,418715.0000000000,33527.0000000000,29944.0000000000,160.5000000000,157.2000000000,2017,10,0.0553860069,190.4834605598,208.8909657321,33471.0085620729,37476.0387410038,212.9199017944,233.4955684798,89.4624969082
2017,J,information_communication,202448.0000000000,69022.0000000000,55527.0000000000,162.7000000000,160.5000000000,2017,10,0.0267790414,345.9626168224,424.2286416718,62067.3487986315,77151.8819453444,386.7124535740,474.1971846671,89.4624969082
2017,K,finance_insurance,381777.0000000000,86294.0000000000,60249.0000000000,164.8000000000,161.7000000000,2017,10,0.0504999906,372.5974025974,523.6286407767,67345.5381664550,96458.2959142238,416.4844660882,585.3051936543,89.4624969082
2017,L,real_estate,115632.0000000000,43342.0000000000,36807.0000000000,169.0000000000,167.4000000000,2017,10,0.0152953554,219.8745519713,256.4615384615,41142.3795132319,48447.1163871681,245.7728764231,286.6693277347,89.4624969082
2017,M,professional_scientific,260106.0000000000,59926.0000000000,50801.0000000000,165.2000000000,161.5000000000,2017,10,0.0344058195,314.5572755418,362.7481840194,56784.6882835247,66984.4930233362,351.6079769878,405.4751393664,89.4624969082
2017,N,support_services,350498.0000000000,36375.0000000000,32834.0000000000,181.6000000000,172.9000000000,2017,10,0.0463625250,189.9016772701,200.3028634361,36701.4124741885,40659.4956066458,212.2695921006,223.8959009177,89.4624969082
2017,P,education,74644.0000000000,25288.0000000000,23792.0000000000,132.0000000000,131.4000000000,2017,10,0.0098736207,181.0654490107,191.5757575758,26594.3840405035,28266.5931244222,202.3925726066,214.1408570032,89.4624969082
2017,Q,health_social,353682.0000000000,65681.0000000000,53605.0000000000,166.8000000000,163.2000000000,2017,10,0.0467836923,328.4620098039,393.7709832134,59918.9625290514,73417.3561770474,367.1505056927,440.1520154499,89.4624969082
2017,R,arts_recreation,57378.0000000000,37486.0000000000,34995.0000000000,164.6000000000,162.6000000000,2017,10,0.0075897408,215.2214022140,227.7399756987,39116.9497939400,41901.3567645560,240.5716469492,254.5647434056,89.4624969082
2017,S,other_services,88171.0000000000,34525.0000000000,30387.0000000000,179.0000000000,176.6000000000,2017,10,0.0116629202,172.0668176670,192.8770949721,33966.1881236878,38591.5899881634,192.3340210854,215.5954747942,89.4624969082
2018,B,mining,3495.0000000000,56288.0000000000,42589.0000000000,167.8000000000,162.0000000000,2018,10,0.0004437249,262.8950617284,335.4469606675,46971.1222273371,62079.6573747293,289.9451989342,369.9622012797,90.6706035122
2018,C,manufacturing,2845162.0000000000,52948.0000000000,38214.0000000000,176.0000000000,160.9000000000,2018,10,0.3612215169,237.5015537601,300.8409090909,42145.9640939082,58395.9937940088,261.9388694463,331.7954192841,90.6706035122
2018,D,electricity_gas,31676.0000000000,96054.0000000000,64671.0000000000,177.6000000000,166.0000000000,2018,10,0.0040215822,389.5843373494,540.8445945946,71325.2118050228,105937.3118510562,429.6699506327,596.4938730352,90.6706035122
2018,E,water_waste,33083.0000000000,45319.0000000000,35775.0000000000,167.6000000000,162.7000000000,2018,10,0.0042002148,219.8832206515,270.3997613365,39456.0073653522,49982.0209025966,242.5077281214,298.2220817577,90.6706035122
2018,F,construction,462940.0000000000,43645.0000000000,38654.0000000000,166.0000000000,162.5000000000,2018,10,0.0587748216,237.8707692308,262.9216867470,42631.2371404702,48135.7775390858,262.3460747106,289.9745634885,90.6706035122
2018,G,wholesale_retail,1688796.0000000000,49798.0000000000,40362.0000000000,164.3000000000,160.6000000000,2018,10,0.2144093914,251.3200498132,303.0919050517,44514.9788757608,54921.8799379401,277.1791959885,334.2780276198,90.6706035122
2018,H,transportation_storage,301284.0000000000,54994.0000000000,43701.0000000000,173.4000000000,164.4000000000,2018,10,0.0382509901,265.8211678832,317.1510957324,48197.5395631937,60652.5134605221,293.1723817713,349.7838146512,90.6706035122
2018,I,accommodation_food,491789.0000000000,34077.0000000000,30758.0000000000,158.3000000000,155.0000000000,2018,10,0.0624374881,198.4387096774,215.2684775742,33922.7917412579,37583.2945629380,218.8567209113,237.4181589573,90.6706035122
2018,J,information_communication,228389.0000000000,69909.0000000000,57383.0000000000,161.7000000000,159.7000000000,2018,10,0.0289962473,359.3174702567,432.3376623377,63287.3255246961,77102.1668456857,396.2888260782,476.8223057866,90.6706035122
2018,K,finance_insurance,387365.0000000000,89215.0000000000,61643.0000000000,166.0000000000,162.7000000000,2018,10,0.0491798263,378.8752304856,537.4397590361,67985.6509300462,98394.6246568803,417.8589485559,592.7387027523,90.6706035122
2018,L,real_estate,114904.0000000000,47658.0000000000,40377.0000000000,169.1000000000,166.7000000000,2018,10,0.0145882017,242.2135572885,281.8332347723,44531.5222750754,52561.6883023886,267.1357065092,310.8319828645,90.6706035122
2018,M,professional_scientific,271070.0000000000,58773.0000000000,49721.0000000000,165.3000000000,161.4000000000,2018,10,0.0344150233,308.0607187113,355.5535390200,54836.9571547917,64820.3471945169,339.7580988525,392.1376115821,90.6706035122
2018,N,support_services,394147.0000000000,37133.0000000000,33527.0000000000,178.6000000000,170.8000000000,2018,10,0.0500408684,196.2939110070,207.9115341545,36976.7032547355,40953.7364499685,216.4912368544,229.3042354422,90.6706035122
2018,P,education,70622.0000000000,26033.0000000000,24597.0000000000,131.4000000000,130.7000000000,2018,10,0.0089661629,188.1943381790,198.1202435312,27127.8661961025,28711.6209571548,207.5582723497,218.5054867363,90.6706035122
2018,Q,health_social,368226.0000000000,67014.0000000000,54457.0000000000,165.5000000000,161.9000000000,2018,10,0.0467499405,336.3619518221,404.9184290030,60060.2597650589,73909.2907779653,370.9713388824,446.5818173895,90.6706035122
2018,R,arts_recreation,70250.0000000000,38742.0000000000,36093.0000000000,162.2000000000,160.0000000000,2018,10,0.0089189338,225.5812500000,238.8532675709,39806.7274308220,42728.2917497826,248.7920464426,263.4296655350,90.6706035122
2018,S,other_services,113304.0000000000,34966.0000000000,30984.0000000000,178.0000000000,175.5000000000,2018,10,0.0143850659,176.5470085470,196.4382022472,34172.0456242647,38563.7666956507,194.7125106796,216.6503746947,90.6706035122
2019,B,mining,3466.0000000000,57364.0000000000,43079.0000000000,168.7000000000,163.1000000000,2019,10,0.0004350667,264.1263028817,340.0355660937,47247.3229005951,62914.5391227684,289.6831569626,372.9373984752,91.1776527331
2019,C,manufacturing,2854715.0000000000,53776.0000000000,39039.0000000000,175.1000000000,160.8000000000,2019,10,0.3583356953,242.7798507463,307.1159337521,42816.4126074499,58979.3643376681,266.2712226831,336.8324633790,91.1776527331
2019,D,electricity_gas,32284.0000000000,96137.0000000000,65109.0000000000,176.9000000000,165.4000000000,2019,10,0.0040524219,393.6457073761,543.4539287733,71408.9451179193,105439.2135772537,431.7348556102,596.0385165475,91.1776527331
2019,E,water_waste,33567.0000000000,45830.0000000000,36241.0000000000,167.8000000000,162.8000000000,2019,10,0.0042134694,222.6105651106,273.1227651967,39747.6782014547,50264.5095878334,244.1503575028,299.5501167332,91.1776527331
2019,F,construction,469923.0000000000,44833.0000000000,39128.0000000000,166.6000000000,162.7000000000,2019,10,0.0589866887,240.4917025200,269.1056422569,42914.0242450959,49171.0398942032,263.7616732950,295.1442970841,91.1776527331
2019,G,wholesale_retail,1704996.0000000000,51328.0000000000,41306.0000000000,164.1000000000,160.1000000000,2019,10,0.2140181864,258.0012492192,312.7848872639,45302.7674674895,56294.4959224157,282.9654432698,343.0499446826,91.1776527331
2019,H,transportation_storage,303113.0000000000,55588.0000000000,44719.0000000000,173.3000000000,164.1000000000,2019,10,0.0380480040,272.5106642291,320.7616849394,49046.0092572184,60966.6934097421,298.8787888923,351.7985770903,91.1776527331
2019,I,accommodation_food,503093.0000000000,34686.0000000000,31487.0000000000,158.6000000000,155.7000000000,2019,10,0.0631503250,202.2286448298,218.7011349306,34533.6812871942,38042.2164425832,221.7962831547,239.8626509621,91.1776527331
2019,J,information_communication,233123.0000000000,72144.0000000000,58909.0000000000,161.4000000000,159.6000000000,2019,10,0.0292625682,369.1040100251,446.9888475836,64609.0332819043,79124.6515318492,404.8185042726,490.2394766533,91.1776527331
2019,K,finance_insurance,389808.0000000000,93059.0000000000,63130.0000000000,165.8000000000,162.5000000000,2019,10,0.0489303208,388.4923076923,561.2726176116,69238.4571302623,102063.3863786643,426.0828131093,615.5813412465,91.1776527331
2019,L,real_estate,119321.0000000000,50431.0000000000,41705.0000000000,167.7000000000,164.8000000000,2019,10,0.0149776680,253.0643203883,300.7215265355,45740.3746969363,55310.7022261406,277.5508173358,329.8193334892,91.1776527331
2019,M,professional_scientific,277080.0000000000,61326.0000000000,50719.0000000000,165.4000000000,161.1000000000,2019,10,0.0347802336,314.8292985723,370.7738814994,55626.5690985233,67259.9021379766,345.2921731752,406.6499524666,91.1776527331
2019,N,support_services,404002.0000000000,37616.0000000000,34100.0000000000,178.4000000000,170.6000000000,2019,10,0.0507120107,199.8827667057,210.8520179372,37399.5150980824,41255.7231650871,219.2234179255,231.2540536160,91.1776527331
2019,P,education,71934.0000000000,26972.0000000000,25077.0000000000,129.9000000000,129.1000000000,2019,10,0.0090294547,194.2447714950,207.6366435720,27503.4498567335,29581.8100066123,213.0398904472,227.7275597122,91.1776527331
2019,Q,health_social,381442.0000000000,68517.0000000000,56030.0000000000,165.7000000000,161.5000000000,2019,10,0.0478801857,346.9349845201,413.5003017502,61451.4613180516,75146.7031077805,380.5044044461,453.5105800107,91.1776527331
2019,R,arts_recreation,70629.0000000000,39520.0000000000,36891.0000000000,162.4000000000,160.3000000000,2019,10,0.0088656457,230.1372426700,243.3497536946,40460.5721842627,43343.9541547278,252.4053161838,266.8962694257,91.1776527331
2019,S,other_services,114098.0000000000,35594.0000000000,31671.0000000000,176.5000000000,174.1000000000,2019,10,0.0143220553,181.9126938541,201.6657223796,34735.4851223275,39038.0744985673,199.5145613000,221.1788923432,91.1776527331
2020,B,mining,3424.0000000000,57054.0000000000,42703.0000000000,170.1000000000,164.5000000000,2020,10,0.0004304161,259.5927051672,335.4144620811,46946.7741436596,62723.9597216203,285.3907242776,368.7475586221,90.9604563443
2020,C,manufacturing,2841148.0000000000,54004.0000000000,39557.0000000000,174.4000000000,160.9000000000,2020,10,0.3571483074,245.8483530143,309.6559633028,43488.1283469719,59370.8542925366,270.2804744995,340.4292103930,90.9604563443
2020,D,electricity_gas,32952.0000000000,94360.0000000000,64697.0000000000,177.4000000000,166.5000000000,2020,10,0.0041422520,388.5705705706,531.9052987599,71126.5121132553,103737.3863240455,427.1862589385,584.7654246000,90.9604563443
2020,E,water_waste,33758.0000000000,45469.0000000000,36669.0000000000,169.6000000000,164.1000000000,2020,10,0.0042435708,223.4552102377,268.0955188679,40313.1222882199,49987.6559852483,245.6619274115,294.7385376489,90.9604563443
2020,F,construction,476238.0000000000,45622.0000000000,39983.0000000000,168.1000000000,164.2000000000,2020,10,0.0598657992,243.5018270402,271.3979773944,43956.4637282144,50155.8609461170,267.7007535214,298.3691906372,90.9604563443
2020,G,wholesale_retail,1706145.0000000000,52281.0000000000,41678.0000000000,163.0000000000,159.7000000000,2020,10,0.2144720370,260.9768315592,320.7423312883,45819.9108437216,57476.6245698116,286.9124035299,352.6173286492,90.9604563443
2020,H,transportation_storage,299618.0000000000,55097.0000000000,44491.0000000000,172.2000000000,163.7000000000,2020,10,0.0376636703,271.7837507636,319.9593495935,48912.4634902831,60572.4753528607,298.7933017122,351.7565351502,90.9604563443
2020,I,accommodation_food,476322.0000000000,35018.0000000000,31910.0000000000,157.4000000000,153.6000000000,2020,10,0.0598763585,207.7473958333,222.4777636595,35081.1784400201,38498.0478411978,228.3930888022,244.5873433367,90.9604563443
2020,J,information_communication,237945.0000000000,74041.0000000000,60807.0000000000,162.9000000000,161.2000000000,2020,10,0.0299110268,377.2146401985,454.5181092695,66849.9284676371,81399.1078933728,414.7017895015,499.6875868224,90.9604563443
2020,K,finance_insurance,394863.0000000000,94473.0000000000,63726.0000000000,167.1000000000,163.6000000000,2020,10,0.0496365033,389.5232273839,565.3680430880,70059.0152700946,103861.6161317460,428.2335896705,621.5536572815,90.9604563443
2020,L,real_estate,122525.0000000000,54188.0000000000,42740.0000000000,168.6000000000,165.7000000000,2020,10,0.0154020827,257.9360289680,321.3997627521,46987.4511603402,59573.1399971108,283.5694095374,353.3400948820,90.9604563443
2020,M,professional_scientific,278045.0000000000,62311.0000000000,51886.0000000000,165.8000000000,161.2000000000,2020,10,0.0349518227,321.8734491315,375.8202653800,57042.3699322745,68503.3942267656,353.8608556593,413.1688433460,90.9604563443
2020,N,support_services,403144.0000000000,37757.0000000000,34329.0000000000,180.8000000000,172.2000000000,2020,10,0.0506774717,199.3554006969,208.8329646018,37740.5758278737,41509.2464543979,219.1671070144,229.5865401239,90.9604563443
2020,P,education,72685.0000000000,27081.0000000000,24919.0000000000,126.5000000000,125.9000000000,2020,10,0.0091369139,197.9269261319,214.0790513834,27395.4210450285,29772.2780737757,217.5966723195,235.3539768678,90.9604563443
2020,Q,health_social,394076.0000000000,68709.0000000000,56606.0000000000,162.9000000000,159.2000000000,2020,10,0.0495375730,355.5653266332,421.7863720074,62231.4380061352,75537.2199760369,390.9009925008,463.7030078333,90.9604563443
2020,R,arts_recreation,70921.0000000000,40629.0000000000,37702.0000000000,158.4000000000,156.6000000000,2020,10,0.0089151692,240.7535121328,256.4962121212,41448.7806187915,44666.6624518826,264.6793142962,281.9865053780,90.9604563443
2020,S,other_services,111284.0000000000,36303.0000000000,32191.0000000000,172.4000000000,170.1000000000,2020,10,0.0139890256,189.2475014697,210.5742459397,35390.1038910274,39910.7496367298,208.0546965963,231.5008679625,90.9604563443
2021,B,mining,3416.0000000000,56098.0000000000,42321.0000000000,170.2000000000,164.3000000000,2021,11,0.0004201728,257.5836883749,329.6004700353,45627.6808000000,60481.1237333333,277.7095605600,355.3532534273,92.7529062577
2021,C,manufacturing,2858683.0000000000,57473.0000000000,40830.0000000000,175.7000000000,160.2000000000,2021,11,0.3516220010,254.8689138577,327.1087080250,44020.1840000000,61963.5570666667,274.7826716604,352.6668017454,92.7529062577
2021,D,electricity_gas,33172.0000000000,93625.0000000000,64256.0000000000,177.0000000000,165.6000000000,2021,11,0.0040802023,388.0193236715,528.9548022599,69276.5354666667,100940.2333333333,418.3365668277,570.2838041431,92.7529062577
2021,E,water_waste,34088.0000000000,45228.0000000000,36691.0000000000,169.8000000000,163.4000000000,2021,11,0.0041928716,224.5471236230,266.3604240283,39557.7901333333,48761.8144000000,242.0917388821,287.1720518257,92.7529062577
2021,F,construction,477730.0000000000,47468.0000000000,40724.0000000000,165.6000000000,161.6000000000,2021,11,0.0587614571,252.0049504950,286.6425120773,43905.9018666667,51176.8330666667,271.6949372937,309.0388470209,92.7529062577
2021,G,wholesale_retail,1704866.0000000000,51448.0000000000,41965.0000000000,158.5000000000,155.5000000000,2021,11,0.2097008987,269.8713826367,324.5930599369,45243.8653333333,55467.8037333333,290.9573333333,349.9545976866,92.7529062577
2021,H,transportation_storage,296720.0000000000,57579.0000000000,45359.0000000000,170.3000000000,162.4000000000,2021,11,0.0364969744,279.3041871921,338.1033470346,48903.0498666667,62077.8392000000,301.1271543514,364.5204885496,92.7529062577
2021,I,accommodation_food,480629.0000000000,35033.0000000000,32140.0000000000,155.8000000000,151.8000000000,2021,11,0.0591180382,211.7259552042,224.8587933248,34651.2053333333,37770.2450666667,228.2688098375,242.4277603766,92.7529062577
2021,J,information_communication,238096.0000000000,75588.0000000000,62119.0000000000,161.3000000000,159.4000000000,2021,11,0.0292861405,389.7051442911,468.6174829510,66972.5645333333,81493.9424000000,420.1541062317,505.2321289523,92.7529062577
2021,K,finance_insurance,396901.0000000000,98875.0000000000,65356.0000000000,165.6000000000,162.2000000000,2021,11,0.0488193772,402.9346485820,597.0712560386,70462.4821333333,106600.4333333333,434.4172757912,643.7224235105,92.7529062577
2021,L,real_estate,125314.0000000000,57330.0000000000,43235.0000000000,166.6000000000,163.7000000000,2021,11,0.0154137970,264.1111789859,344.1176470588,46613.0946666667,61809.3840000000,284.7470657707,371.0047058824,92.7529062577
2021,M,professional_scientific,308855.0000000000,65478.0000000000,54386.0000000000,162.7000000000,159.1000000000,2021,11,0.0379895963,341.8353236958,402.4462200369,58635.3594666667,70594.0144000000,368.5440569872,433.8906846958,92.7529062577
2021,N,support_services,401971.0000000000,38162.0000000000,34574.0000000000,180.1000000000,171.4000000000,2021,11,0.0494429943,201.7152858810,211.8933925597,37275.3818666667,41143.7242666667,217.4759735511,228.4493296317,92.7529062577
2021,P,education,142189.0000000000,31389.0000000000,28063.0000000000,140.6000000000,138.8000000000,2021,11,0.0174894456,202.1829971182,223.2503556188,30255.6557333333,33841.5272000000,217.9802286263,240.6936500711,92.7529062577
2021,Q,health_social,462132.0000000000,64020.0000000000,53505.0000000000,158.1000000000,154.6000000000,2021,11,0.0568428813,346.0866752911,404.9335863378,57685.5240000000,69022.0960000000,373.1275808538,436.5723972170,92.7529062577
2021,R,arts_recreation,59535.0000000000,38650.0000000000,36643.0000000000,137.9000000000,136.2000000000,2021,11,0.0073228881,269.0381791483,280.2755620015,39506.0397333333,41669.8533333333,290.0590288791,302.1744259125,92.7529062577
2021,S,other_services,105692.0000000000,36011.0000000000,32151.0000000000,161.2000000000,159.3000000000,2021,11,0.0130002636,201.8267419962,223.3933002481,34663.0648000000,38824.6594666667,217.5961381042,240.8477634409,92.7529062577
2022,B,mining,3428.0000000000,58625.0000000000,43531.0000000000,168.5000000000,162.0000000000,2022,11,0.0004195422,268.7098765432,347.9228486647,45588.8700945473,61396.4188576609,281.4127783614,364.3704383244,95.4860252288
2022,C,manufacturing,2868913.0000000000,60451.0000000000,42191.0000000000,174.7000000000,159.6000000000,2022,11,0.3511172881,264.3546365915,346.0274756726,44185.5233778008,63308.7405776454,276.8516502368,362.3854640964,95.4860252288
2022,D,electricity_gas,33442.0000000000,95603.0000000000,64695.0000000000,177.8000000000,166.4000000000,2022,11,0.0040928618,388.7920673077,537.6996625422,67753.3700297889,100122.5045978500,407.1716948906,563.1186985256,95.4860252288
2022,E,water_waste,33999.0000000000,45955.0000000000,37370.0000000000,169.9000000000,163.7000000000,2022,11,0.0041610313,228.2834453268,270.4826368452,39136.6170185209,48127.4614687217,239.0752414082,283.2693435475,95.4860252288
2022,F,construction,481895.0000000000,48545.0000000000,41389.0000000000,166.2000000000,162.1000000000,2022,11,0.0589776217,255.3300431832,292.0878459687,43345.6098950913,50839.9002719855,267.4004311850,305.8959101804,95.4860252288
2022,G,wholesale_retail,1705904.0000000000,52038.0000000000,43022.0000000000,160.7000000000,157.6000000000,2022,11,0.2087802545,272.9822335025,323.8207840697,45055.8077969175,54498.0271985494,285.8871053104,339.1289807004,95.4860252288
2022,H,transportation_storage,293656.0000000000,62232.0000000000,46995.0000000000,170.7000000000,162.5000000000,2022,11,0.0359396393,289.2000000000,364.5694200351,49216.6260847041,65173.9349825152,302.8715451366,381.8039542034,95.4860252288
2022,I,accommodation_food,485463.0000000000,36099.0000000000,33638.0000000000,157.8000000000,153.7000000000,2022,11,0.0594142980,218.8549121666,228.7642585551,35228.1916850149,37805.5321849501,229.2009868901,239.5787844420,95.4860252288
2022,J,information_communication,241261.0000000000,79142.0000000000,64035.0000000000,162.4000000000,160.3000000000,2022,11,0.0295271791,399.4697442296,487.3275862069,67062.1694081078,82883.3327289211,418.3541447792,510.3653493160,95.4860252288
2022,K,finance_insurance,398382.0000000000,100390.0000000000,65598.0000000000,166.2000000000,162.7000000000,2022,11,0.0487567268,403.1837738168,604.0312876053,68699.0581530890,105135.8036523766,422.2437501726,632.5860628904,95.4860252288
2022,L,real_estate,127261.0000000000,57200.0000000000,43392.0000000000,168.0000000000,165.1000000000,2022,11,0.0155750757,262.8225317989,340.4761904762,45443.2990545266,59904.0538790312,275.2471172291,356.5717492799,95.4860252288
2022,M,professional_scientific,307792.0000000000,67728.0000000000,56177.0000000000,163.2000000000,159.7000000000,2022,11,0.0376697001,351.7658108954,415.0000000000,58832.6929154255,70929.7510685145,368.3950714804,434.6185727237,95.4860252288
2022,N,support_services,405713.0000000000,38528.0000000000,35057.0000000000,177.2000000000,169.4000000000,2022,11,0.0496539450,206.9480519481,217.4266365688,36714.2730216293,40349.3599274705,216.7312457003,227.7051914643,95.4860252288
2022,P,education,145584.0000000000,32236.0000000000,29213.0000000000,146.0000000000,144.4000000000,2022,11,0.0178175704,202.3060941828,220.7945205479,30594.0056987437,33759.9140007771,211.8698455592,231.2322876766,95.4860252288
2022,Q,health_social,472126.0000000000,66543.0000000000,55223.0000000000,160.0000000000,156.3000000000,2022,11,0.0577820243,353.3141394754,415.8937500000,57833.5938349955,69688.7317704961,370.0165952335,435.5545735656,95.4860252288
2022,R,arts_recreation,61619.0000000000,39886.0000000000,37738.0000000000,152.8000000000,150.3000000000,2022,11,0.0075413567,251.0844976713,261.0340314136,39522.0137287916,41771.5575702629,262.9541831590,273.3740678682,95.4860252288
2022,S,other_services,104373.0000000000,37565.0000000000,34080.0000000000,166.2000000000,164.4000000000,2022,11,0.0127738850,207.2992700730,226.0228640193,35691.0866468074,39340.8353840176,217.0990671947,236.7077941277,95.4860252288
2023,B,mining,3105.0000000000,61765.0000000000,45413.0000000000,168.0000000000,160.5000000000,2023,11,0.0003686316,282.9470404984,367.6488095238,46403.2878252972,63111.8638391976,289.1170581015,375.6658561857,97.8659102152
2023,C,manufacturing,2888729.0000000000,62492.0000000000,42995.0000000000,174.4000000000,159.2000000000,2023,11,0.3429554684,270.0690954774,358.3256880734,43932.5602811673,63854.7169924574,275.9582932234,366.1394322962,97.8659102152
2023,D,electricity_gas,35934.0000000000,96596.0000000000,65898.0000000000,178.0000000000,165.7000000000,2023,11,0.0042661537,397.6946288473,542.6741573034,67334.9891245113,98702.3977885717,406.3668625499,554.5078527448,97.8659102152
2023,E,water_waste,39323.0000000000,46328.0000000000,37870.0000000000,168.7000000000,162.9000000000,2023,11,0.0046685023,232.4739103745,274.6176644932,38695.8031828772,47338.2405560163,237.5432976236,280.6060495318,97.8659102152
2023,F,construction,485376.0000000000,49477.0000000000,42445.0000000000,166.1000000000,161.8000000000,2023,11,0.0576247732,262.3300370828,297.8747742324,43370.5668364728,50555.9084784583,268.0504748855,304.3703099245,97.8659102152
2023,G,wholesale_retail,1703230.0000000000,51159.0000000000,44311.0000000000,163.2000000000,159.9000000000,2023,11,0.2022107447,277.1169480926,313.4742647059,45277.2573233819,52274.5866129605,283.1598331669,320.3099669912,97.8659102152
2023,H,transportation_storage,296726.0000000000,61957.0000000000,47988.0000000000,171.0000000000,162.3000000000,2023,11,0.0352278820,295.6746765250,362.3216374269,49034.4389527307,63308.0506417091,302.1222363076,370.2225183726,97.8659102152
2023,I,accommodation_food,517943.0000000000,37662.0000000000,33981.0000000000,161.0000000000,155.8000000000,2023,11,0.0614911901,218.1065468549,233.9254658385,34721.9986257552,38483.2674801564,222.8626355953,239.0265060879,97.8659102152
2023,J,information_communication,278230.0000000000,80434.0000000000,65786.0000000000,162.2000000000,159.9000000000,2023,11,0.0330320013,411.4196372733,495.8939580764,67220.5468230462,82187.9649646566,420.3911621204,506.7075521865,97.8659102152
2023,K,finance_insurance,401054.0000000000,98243.0000000000,66019.0000000000,165.6000000000,161.8000000000,2023,11,0.0476139030,408.0284301607,593.2548309179,67458.6276823441,100385.3127038660,416.9260054533,606.1915018349,97.8659102152
2023,L,real_estate,135099.0000000000,55337.0000000000,43493.0000000000,170.1000000000,166.4000000000,2023,11,0.0160392134,261.3762019231,325.3203997648,44441.4198001817,56543.6931801129,267.0758401453,332.4144219877,97.8659102152
2023,M,professional_scientific,343467.0000000000,66841.0000000000,55866.0000000000,163.9000000000,160.5000000000,2023,11,0.0407770635,348.0747663551,407.8157413057,57084.2286932828,68298.5524305967,355.6649762821,416.7086786492,97.8659102152
2023,N,support_services,435767.0000000000,39193.0000000000,35742.0000000000,177.2000000000,169.9000000000,2023,11,0.0517350972,210.3708063567,221.1794582393,36521.3994550409,40047.6528689334,214.9582075047,226.0025556938,97.8659102152
2023,P,education,158157.0000000000,33433.0000000000,30021.0000000000,145.7000000000,144.1000000000,2023,11,0.0187767035,208.3344899375,229.4646533974,30675.6458239545,34162.0487935869,212.8774866340,234.4684199972,97.8659102152
2023,Q,health_social,502454.0000000000,68516.0000000000,54034.0000000000,165.9000000000,161.5000000000,2023,11,0.0596523062,334.5758513932,412.9957805907,55212.2796193184,70010.0779212574,341.8717004292,422.0016752336,97.8659102152
2023,R,arts_recreation,82651.0000000000,41508.0000000000,38148.0000000000,162.7000000000,159.3000000000,2023,11,0.0098124858,239.4726930320,255.1198524892,38979.8653240137,42413.1343679659,244.6946975770,260.6830631098,97.8659102152
2023,S,other_services,115799.0000000000,39599.0000000000,35482.0000000000,168.6000000000,166.6000000000,2023,11,0.0137478802,212.9771908764,234.8695136418,36255.7298266398,40462.5062117443,217.6214275309,239.9911400459,97.8659102152
2024,B,mining,3038.0000000000,63873.0000000000,46934.0000000000,166.6000000000,159.6000000000,2024,11,0.0003592222,294.0726817043,383.3913565426,46934.0000000000,63873.0000000000,294.0726817043,383.3913565426,100.0000000000
2024,C,manufacturing,2861523.0000000000,65622.0000000000,44306.0000000000,177.1000000000,160.9000000000,2024,11,0.3383549943,275.3635798633,370.5364201016,44306.0000000000,65622.0000000000,275.3635798633,370.5364201016,100.0000000000
2024,D,electricity_gas,36458.0000000000,96730.0000000000,66020.0000000000,175.9000000000,164.0000000000,2024,11,0.0043109024,402.5609756098,549.9147242752,66020.0000000000,96730.0000000000,402.5609756098,549.9147242752,100.0000000000
2024,E,water_waste,38955.0000000000,48039.0000000000,39161.0000000000,167.9000000000,162.0000000000,2024,11,0.0046061551,241.7345679012,286.1167361525,39161.0000000000,48039.0000000000,241.7345679012,286.1167361525,100.0000000000
2024,F,construction,495067.0000000000,51196.0000000000,43267.0000000000,167.3000000000,162.3000000000,2024,11,0.0585381952,266.5865680838,306.0131500299,43267.0000000000,51196.0000000000,266.5865680838,306.0131500299,100.0000000000
2024,G,wholesale_retail,1713292.0000000000,53814.0000000000,45838.0000000000,163.6000000000,160.1000000000,2024,11,0.2025847441,286.3085571518,328.9364303178,45838.0000000000,53814.0000000000,286.3085571518,328.9364303178,100.0000000000
2024,H,transportation_storage,296707.0000000000,65184.0000000000,49696.0000000000,170.5000000000,161.4000000000,2024,11,0.0350835186,307.9058240397,382.3108504399,49696.0000000000,65184.0000000000,307.9058240397,382.3108504399,100.0000000000
2024,I,accommodation_food,534428.0000000000,38568.0000000000,34332.0000000000,162.7000000000,156.5000000000,2024,11,0.0631923570,219.3738019169,237.0497848801,34332.0000000000,38568.0000000000,219.3738019169,237.0497848801,100.0000000000
2024,J,information_communication,276000.0000000000,83822.0000000000,67540.0000000000,162.2000000000,159.6000000000,2024,11,0.0326350613,423.1829573935,516.7817509248,67540.0000000000,83822.0000000000,423.1829573935,516.7817509248,100.0000000000
2024,K,finance_insurance,405844.0000000000,107319.0000000000,69606.0000000000,164.3000000000,160.5000000000,2024,11,0.0479882022,433.6822429907,653.1892878880,69606.0000000000,107319.0000000000,433.6822429907,653.1892878880,100.0000000000
2024,L,real_estate,135264.0000000000,57069.0000000000,44699.0000000000,166.4000000000,163.8000000000,2024,11,0.0159940179,272.8876678877,342.9627403846,44699.0000000000,57069.0000000000,272.8876678877,342.9627403846,100.0000000000
2024,M,professional_scientific,343343.0000000000,68477.0000000000,56844.0000000000,163.5000000000,160.3000000000,2024,11,0.0405978980,354.6101060512,418.8195718654,56844.0000000000,68477.0000000000,354.6101060512,418.8195718654,100.0000000000
2024,N,support_services,443846.0000000000,40648.0000000000,36661.0000000000,176.5000000000,169.1000000000,2024,11,0.0524816717,216.8007096393,230.3002832861,36661.0000000000,40648.0000000000,216.8007096393,230.3002832861,100.0000000000
2024,P,education,159347.0000000000,34121.0000000000,30656.0000000000,144.4000000000,142.8000000000,2024,11,0.0188416634,214.6778711485,236.2950138504,30656.0000000000,34121.0000000000,214.6778711485,236.2950138504,100.0000000000
2024,Q,health_social,513371.0000000000,68886.0000000000,54293.0000000000,165.7000000000,161.0000000000,2024,11,0.0607025146,337.2236024845,415.7272178636,54293.0000000000,68886.0000000000,337.2236024845,415.7272178636,100.0000000000
2024,R,arts_recreation,82976.0000000000,42729.0000000000,39037.0000000000,163.8000000000,161.0000000000,2024,11,0.0098113291,242.4658385093,260.8608058608,39037.0000000000,42729.0000000000,242.4658385093,260.8608058608,100.0000000000
2024,S,other_services,117703.0000000000,40200.0000000000,35813.0000000000,167.3000000000,165.1000000000,2024,11,0.0139175530,216.9170199879,240.2869097430,35813.0000000000,40200.0000000000,216.9170199879,240.2869097430,100.0000000000
