file,url,acquired_at,bytes,sha256,coverage,classification_version,notes
data/raw/105_major_table01.xlsx,https://ws.dgbas.gov.tw/public/data/dgbas04/bc5/month/10513/table1.xlsx,2026-08-09,77946,cd8aae207264af82bd263ba99e577a4dcacac0c953b08ede180cda2bc192d600,historical through 2016; analysis uses 2016,10,same-vintage major-industry validation table
data/raw/105_major_table18.xlsx,https://ws.dgbas.gov.tw/public/data/dgbas04/bc5/month/10513/table18.xlsx,2026-08-09,76014,df4766d9786b695cd858a266033bbcc3e31702f9d79df0475c44f3d1d0d50994,historical through 2016; analysis uses 2016,10,same-vintage major-industry validation table
data/raw/105_major_table19.xlsx,https://ws.dgbas.gov.tw/public/data/dgbas04/bc5/month/10513/table19.xlsx,2026-08-09,31707,3893c176c52e6855f91cd7987ab26a460d500928058d0e208f816a3ad9f1a98d,historical through 2016; analysis uses 2016,10,same-vintage major-industry validation table
data/raw/105_major_table36.xlsx,https://ws.dgbas.gov.tw/public/data/dgbas04/bc5/month/10513/table36.xlsx,2026-08-09,61472,06ac9e51a62a4a450adea0359a45f2a2111fe4640729e9649438bf81d25f9406,historical through 2016; analysis uses 2016,10,same-vintage major-industry validation table
data/raw/105_table04.xlsx,https://ws.dgbas.gov.tw/public/data/dgbas04/bc5/month/10513/table4.xlsx,2026-08-09,13935,d6cad324bea50e5c2fd90cc34fa1e50aea718816c6123b8655bbcab840021f81,2016,10,middle-industry annual table
data/raw/105_table05.xlsx,https://ws.dgbas.gov.tw/public/data/dgbas04/bc5/month/10513/table5.xlsx,2026-08-09,18851,9badfe87f6ac497a05da76fd9b8c8cd0f892047c029ae214769023ae3de447a2,2016,10,middle-industry annual table
data/raw/105_table06.xlsx,https://ws.dgbas.gov.tw/public/data/dgbas04/bc5/month/10513/table6.xlsx,2026-08-09,13912,3fc7cc03c52348baac4312966ec440611ca4ea785c9ae47bb9059d413ff506ba,2016,10,middle-industry annual table
data/raw/105_table07.xlsx,https://ws.dgbas.gov.tw/public/data/dgbas04/bc5/month/10513/table7.xlsx,2026-08-09,14388,c5075d3c772ab080ad96e0fb8a481b085dc831446d9fab95ec94e3330df0f184,2016,10,middle-industry annual table
data/raw/105_table08.xlsx,https://ws.dgbas.gov.tw/public/data/dgbas04/bc5/month/10513/table8.xlsx,2026-08-09,14427,6460ebb9ffec280392ffec4d225cca320791fd871b6daa608c46354e4b6d09e9,2016,10,middle-industry annual table
data/raw/105_table09.xlsx,https://ws.dgbas.gov.tw/public/data/dgbas04/bc5/month/10513/table9.xlsx,2026-08-09,14126,422bc41723939811a83f94bf24be4981a0434c282639ed03251f78ec8653e8e4,2016,10,middle-industry annual table
data/raw/105_table10.xlsx,https://ws.dgbas.gov.tw/public/data/dgbas04/bc5/month/10513/table10.xlsx,2026-08-09,15388,0870341fab732e66e588d2ab96b1035a571b148c7f9b7e96a1cacb19149d4dfe,2016,10,middle-industry annual table
data/raw/105_table11.xlsx,https://ws.dgbas.gov.tw/public/data/dgbas04/bc5/month/10513/table11.xlsx,2026-08-09,14312,f0bcba833fa7b821f1be7e76276ab59469206b2579273e819ec699ecabc4ebf0,2016,10,middle-industry annual table
data/raw/105_table12.xlsx,https://ws.dgbas.gov.tw/public/data/dgbas04/bc5/month/10513/table12.xlsx,2026-08-09,14689,a457845f5b8e2254a309e1ba09cab7d8557d6d73878c8be3c3b5677a31eeaeea,2016,10,middle-industry annual table
data/raw/105_table13.xlsx,https://ws.dgbas.gov.tw/public/data/dgbas04/bc5/month/10513/table13.xlsx,2026-08-09,15665,59785d86d08784111c1b35f44de3d33c5a1f16b41f69a897e751fbaabf70c25a,2016,10,middle-industry annual table
data/raw/105_table14.xlsx,https://ws.dgbas.gov.tw/public/data/dgbas04/bc5/month/10513/table14.xlsx,2026-08-09,15057,84d39615c7c7542225bc2f7c0358d328eebcfc46bc1436856c57d0160c009cb2,2016,10,middle-industry annual table
data/raw/105_table15.xlsx,https://ws.dgbas.gov.tw/public/data/dgbas04/bc5/month/10513/table15.xlsx,2026-08-09,15224,484788a9226af92ef99989f039a9492ac9fa88f8ef32858192ed6d7b6df260f3,2016,10,middle-industry annual table
data/raw/105_table16.xlsx,https://ws.dgbas.gov.tw/public/data/dgbas04/bc5/month/10513/table16.xlsx,2026-08-09,14534,a54ff90f50f6f4a3f7a9cb905a92844d464e7cc34614a268788f1c27cd7f896a,2016,10,middle-industry annual table
data/raw/105_table17.xlsx,https://ws.dgbas.gov.tw/public/data/dgbas04/bc5/month/10513/table17.xlsx,2026-08-09,14288,29d3826d26290e3c018e350b9ffa6318e2ed4948146c558568232009077a841a,2016,10,middle-industry annual table
data/raw/105_table22.xlsx,https://ws.dgbas.gov.tw/public/data/dgbas04/bc5/month/10513/table22.xlsx,2026-08-09,14093,fb8ec789800ce8124cb689725e6e54a4412c4236a7c17d5c4ef7df70771d9a46,2016,10,middle-industry annual table
data/raw/105_table23.xlsx,https://ws.dgbas.gov.tw/public/data/dgbas04/bc5/month/10513/table23.xlsx,2026-08-09,21721,f54555c36f27af71776d4b96095a3370a75a1288f6019a70decf584b7dafcd04,2016,10,middle-industry annual table
data/raw/105_table24.xlsx,https://ws.dgbas.gov.tw/public/data/dgbas04/bc5/month/10513/table24.xlsx,2026-08-09,14093,1e0943c8eee2c44207429c7bd6d01ea3fb765b0350e0c97899f0f9f18eed4fcb,2016,10,middle-industry annual table
data/raw/105_table25.xlsx,https://ws.dgbas.gov.tw/public/data/dgbas04/bc5/month/10513/table25.xlsx,2026-08-09,14505,a86e9687462b9aa7ff2ced738067f9d0f81eaebc5f45e5b1b77fe14facb96333,2016,10,middle-industry annual table
data/raw/105_table26.xlsx,https://ws.dgbas.gov.tw/public/data/dgbas04/bc5/month/10513/table26.xlsx,2026-08-09,14446,c64ba7f25cc8fd5a54fbed56fd4934481675ddb9d74dbdd2fc0e9026bb12d779,2016,10,middle-industry annual table
data/raw/105_table27.xlsx,https://ws.dgbas.gov.tw/public/data/dgbas04/bc5/month/10513/table27.xlsx,2026-08-09,14083,0c54cf9f2669da5a61121a2a43e16e96b91c91f9e8cbfc0264490ee9c89bbc00,2016,10,middle-industry annual table
data/raw/105_table28.xlsx,https://ws.dgbas.gov.tw/public/data/dgbas04/bc5/month/10513/table28.xlsx,2026-08-09,15431,4ebd98d3799a4913a752859971cc83d8eb03a2cef9bc896aba0f31bb8ebefec5,2016,10,middle-industry annual table
data/raw/105_table29.xlsx,https://ws.dgbas.gov.tw/public/data/dgbas04/bc5/month/10513/table29.xlsx,2026-08-09,14285,b492c7ee7ba8bb1e19da8be7c6c47c61370ca228bc86f3e5268de0bd23b4c0f8,2016,10,middle-industry annual table
data/raw/105_table30.xlsx,https://ws.dgbas.gov.tw/public/data/dgbas04/bc5/month/10513/table30.xlsx,2026-08-09,14766,91e68072aa8ed57f1ce8fbc1546c9a700500eed606e565c3ee78a7cbdee5ae5b,2016,10,middle-industry annual table
data/raw/105_table31.xlsx,https://ws.dgbas.gov.tw/public/data/dgbas04/bc5/month/10513/table31.xlsx,2026-08-09,15501,ee727a72980be5b18228301ef2ceeee9fcc635054e08e4de950d2528958884a7,2016,10,middle-industry annual table
data/raw/105_table32.xlsx,https://ws.dgbas.gov.tw/public/data/dgbas04/bc5/month/10513/table32.xlsx,2026-08-09,14844,6e9775d4b0b0d79b5b958f1cff45b7331641be6658e54daa924a0501b578e50a,2016,10,middle-industry annual table
data/raw/105_table33.xlsx,https://ws.dgbas.gov.tw/public/data/dgbas04/bc5/month/10513/table33.xlsx,2026-08-09,15059,fc895b34a99b85ab01f8b5dcf0fbb132d1ebb72410fd47c66981ac903fd81770,2016,10,middle-industry annual table
data/raw/105_table34.xlsx,https://ws.dgbas.gov.tw/public/data/dgbas04/bc5/month/10513/table34.xlsx,2026-08-09,14536,334386c73441a4666c0a4e2698a24fcec9e0c9f884281cabd383781889552d2b,2016,10,middle-industry annual table
data/raw/105_table35.xlsx,https://ws.dgbas.gov.tw/public/data/dgbas04/bc5/month/10513/table35.xlsx,2026-08-09,14274,cc7558d455e1dddb24ce2c7b03b108f1346d0ed0392991847eee5b8fe1c81e06,2016,10,middle-industry annual table
data/raw/105_table39.xlsx,https://ws.dgbas.gov.tw/public/data/dgbas04/bc5/month/10513/table39.xlsx,2026-08-09,13199,8f673d83605f94e4ced9b93bfbd4b70560dcf740f49ed99b52853cc54e40ad77,2016,10,middle-industry annual table
data/raw/105_table40.xlsx,https://ws.dgbas.gov.tw/public/data/dgbas04/bc5/month/10513/table40.xlsx,2026-08-09,19126,5ca17d78029fa8913da4649fd0a549f18da07e7cd114937a3ed7c0cf21405659,2016,10,middle-industry annual table
data/raw/105_table41.xlsx,https://ws.dgbas.gov.tw/public/data/dgbas04/bc5/month/10513/table41.xlsx,2026-08-09,13125,662900ab5e4a2e848d7b53129b283eedcd0a8dc057b18e98199d610eac026b90,2016,10,middle-industry annual table
data/raw/105_table42.xlsx,https://ws.dgbas.gov.tw/public/data/dgbas04/bc5/month/10513/table42.xlsx,2026-08-09,13464,78d17e1d12c3f443a7b1247d81cd3f3c2d2b15906824b740e491438fee4c6faf,2016,10,middle-industry annual table
data/raw/105_table43.xlsx,https://ws.dgbas.gov.tw/public/data/dgbas04/bc5/month/10513/table43.xlsx,2026-08-09,13376,cfb575f49cf52e85d4e567f1950376d5a6501ab2cd81aa5c569c62ad48d4760b,2016,10,middle-industry annual table
data/raw/105_table44.xlsx,https://ws.dgbas.gov.tw/public/data/dgbas04/bc5/month/10513/table44.xlsx,2026-08-09,13128,bebc9932fbba785ded90ae72efa5d0f87663a5d21e99f4e962d91b97cfc29828,2016,10,middle-industry annual table
data/raw/105_table45.xlsx,https://ws.dgbas.gov.tw/public/data/dgbas04/bc5/month/10513/table45.xlsx,2026-08-09,13802,085fbf17fddfce76252d2aca0d93ca12a10a0c48cb180326a062f45d55dfa42d,2016,10,middle-industry annual table
data/raw/105_table46.xlsx,https://ws.dgbas.gov.tw/public/data/dgbas04/bc5/month/10513/table46.xlsx,2026-08-09,13221,8a8e8afda1f18b9bc03d10e0c7fa8c72bbda2fef71627775d11fd07b94b8d5fc,2016,10,middle-industry annual table
data/raw/105_table47.xlsx,https://ws.dgbas.gov.tw/public/data/dgbas04/bc5/month/10513/table47.xlsx,2026-08-09,13692,35290b0d8c12bb7ee1485344deffeb2b0a24f3dbd9671b0c39d897c9bed46caa,2016,10,middle-industry annual table
data/raw/105_table48.xlsx,https://ws.dgbas.gov.tw/public/data/dgbas04/bc5/month/10513/table48.xlsx,2026-08-09,13967,9bb16371870c98d1180e1f472337c1dad4dbd6b03fdbc75d636d5e8f5dab85e2,2016,10,middle-industry annual table
data/raw/105_table49.xlsx,https://ws.dgbas.gov.tw/public/data/dgbas04/bc5/month/10513/table49.xlsx,2026-08-09,13766,56c6eb24318240521b77e164b6f70b905b8d6f2e57c0f2b998b7f372c2a7c350,2016,10,middle-industry annual table
data/raw/105_table50.xlsx,https://ws.dgbas.gov.tw/public/data/dgbas04/bc5/month/10513/table50.xlsx,2026-08-09,13767,36062ae0a16b50e576491bfe383c250ee622e836c1da20b63a09731c7a926fcf,2016,10,middle-industry annual table
data/raw/105_table51.xlsx,https://ws.dgbas.gov.tw/public/data/dgbas04/bc5/month/10513/table51.xlsx,2026-08-09,13484,a93af05a583e315f562ec42fe93392b646bb57d5d042cf0a5619c2f5d99c7596,2016,10,middle-industry annual table
data/raw/105_table52.xlsx,https://ws.dgbas.gov.tw/public/data/dgbas04/bc5/month/10513/table52.xlsx,2026-08-09,13363,1ec26a71ef6daca656934b29471dfe7fcc7466769dad1b580ad8727e7ce2f7eb,2016,10,middle-industry annual table
data/raw/106_major_table01.xlsx,https://ws.dgbas.gov.tw/public/data/dgbas04/bc5/month/10613/table1.xlsx,2026-08-09,31619,8dd1cfa435f476a5f80d98dfa2e32a36494649d08432ec6e470b531a8c16db6d,historical through 2017; analysis uses 2017,10,same-vintage major-industry validation table
data/raw/106_major_table18.xlsx,https://ws.dgbas.gov.tw/public/data/dgbas04/bc5/month/10613/table18.xlsx,2026-08-09,30328,521df6e69646a5bac1c1a40dc17596e378a11ce1815197463014e068ae352cc8,historical through 2017; analysis uses 2017,10,same-vintage major-industry validation table
data/raw/106_major_table19.xlsx,https://ws.dgbas.gov.tw/public/data/dgbas04/bc5/month/10613/table19.xlsx,2026-08-09,30137,f360606e3ef94d94a2afd22bd533fe2dbd7b62885f2ebfedc117048d82dc17c1,historical through 2017; analysis uses 2017,10,same-vintage major-industry validation table
data/raw/106_major_table36.xlsx,https://ws.dgbas.gov.tw/public/data/dgbas04/bc5/month/10613/table36.xlsx,2026-08-09,61670,644725de998331a62fac6e6e4c7b12c34ffcf6c6f39a3a7b89b5b65fc4f425ad,historical through 2017; analysis uses 2017,10,same-vintage major-industry validation table
data/raw/106_table04.xlsx,https://ws.dgbas.gov.tw/public/data/dgbas04/bc5/month/10613/table4.xlsx,2026-08-09,12503,e0e8e8f91313e7654dcceeafa9ee9621fc51471f18095be3cf6509989703d68e,2017,10,middle-industry annual table
data/raw/106_table05.xlsx,https://ws.dgbas.gov.tw/public/data/dgbas04/bc5/month/10613/table5.xlsx,2026-08-09,17995,14f6af76e8938f07755b866b208db02a75b27e83e2fda90d4c98875de2acf11d,2017,10,middle-industry annual table
data/raw/106_table06.xlsx,https://ws.dgbas.gov.tw/public/data/dgbas04/bc5/month/10613/table6.xlsx,2026-08-09,12648,86591d4c55f89d3bf90bc4d6850cea9f74b3e4471a7c3bc56973f06749c8b457,2017,10,middle-industry annual table
data/raw/106_table07.xlsx,https://ws.dgbas.gov.tw/public/data/dgbas04/bc5/month/10613/table7.xlsx,2026-08-09,12649,6ec63374b26f49ae0d8ea999be9d5d92acd668199cb7d000da059b18fa929f3c,2017,10,middle-industry annual table
data/raw/106_table08.xlsx,https://ws.dgbas.gov.tw/public/data/dgbas04/bc5/month/10613/table8.xlsx,2026-08-09,12591,71b045d2084ff57b09d3551081e09cd8223fb68deb2829a6444193354bbfd0cf,2017,10,middle-industry annual table
data/raw/106_table09.xlsx,https://ws.dgbas.gov.tw/public/data/dgbas04/bc5/month/10613/table9.xlsx,2026-08-09,12591,7e8505c2f859d7d438578e16ddbb6a6103ff1540c51c8c79990abc4366246494,2017,10,middle-industry annual table
data/raw/106_table10.xlsx,https://ws.dgbas.gov.tw/public/data/dgbas04/bc5/month/10613/table10.xlsx,2026-08-09,12413,58f2d3f2c8038324673d96bb5bcf97e061a83f51428acb08040e7603d7c5c611,2017,10,middle-industry annual table
data/raw/106_table11.xlsx,https://ws.dgbas.gov.tw/public/data/dgbas04/bc5/month/10613/table11.xlsx,2026-08-09,12933,0064b8eedb27f779c17273885b50868ca1b6f031637083e654f035744d492f41,2017,10,middle-industry annual table
data/raw/106_table12.xlsx,https://ws.dgbas.gov.tw/public/data/dgbas04/bc5/month/10613/table12.xlsx,2026-08-09,12924,2d84e11711e3b0907e677d158890304906a7bc0dcd855a8d90f1df7973f42706,2017,10,middle-industry annual table
data/raw/106_table13.xlsx,https://ws.dgbas.gov.tw/public/data/dgbas04/bc5/month/10613/table13.xlsx,2026-08-09,12532,51d3bb7b520310f4f0b10fd170cb7aacf3e0eb476288b4da0d8365c850e13a24,2017,10,middle-industry annual table
data/raw/106_table14.xlsx,https://ws.dgbas.gov.tw/public/data/dgbas04/bc5/month/10613/table14.xlsx,2026-08-09,12134,20d6e22e31b6022134af43d86293c59a27f3f1f4fbd631015bab8581fd28f495,2017,10,middle-industry annual table
data/raw/106_table15.xlsx,https://ws.dgbas.gov.tw/public/data/dgbas04/bc5/month/10613/table15.xlsx,2026-08-09,12376,bc9be0d39a32e502aff604ce6a9722e090fd269f94be88f18c2a04e2356e0492,2017,10,middle-industry annual table
data/raw/106_table16.xlsx,https://ws.dgbas.gov.tw/public/data/dgbas04/bc5/month/10613/table16.xlsx,2026-08-09,12627,8aa2e25adc94afc52a54c3f506f260f6b966b7a762cf1677345ffd53655e8b7a,2017,10,middle-industry annual table
data/raw/106_table17.xlsx,https://ws.dgbas.gov.tw/public/data/dgbas04/bc5/month/10613/table17.xlsx,2026-08-09,12627,99bb950370f5e25bdf88dcf0429ae7a6d6435e6db9fb7964d8ad6649bd15d79e,2017,10,middle-industry annual table
data/raw/106_table22.xlsx,https://ws.dgbas.gov.tw/public/data/dgbas04/bc5/month/10613/table22.xlsx,2026-08-09,13257,65cd07c1fe24dd25c661dd8eb13d55b505fdf145c656046dc2fd164382e268b0,2017,10,middle-industry annual table
data/raw/106_table23.xlsx,https://ws.dgbas.gov.tw/public/data/dgbas04/bc5/month/10613/table23.xlsx,2026-08-09,22437,1b8af9fca2eefd23156202f5734d3318c0787f40aa7a9552b1d610bd9727c268,2017,10,middle-industry annual table
data/raw/106_table24.xlsx,https://ws.dgbas.gov.tw/public/data/dgbas04/bc5/month/10613/table24.xlsx,2026-08-09,13426,b8ad8cdfb585e7f13fce464b1a8a6c8ddbd4ac5d90df9a1a5396c1346ed06080,2017,10,middle-industry annual table
data/raw/106_table25.xlsx,https://ws.dgbas.gov.tw/public/data/dgbas04/bc5/month/10613/table25.xlsx,2026-08-09,13397,e6cb94e849180f4ba143c6cdcfceffd7c3ae04433e2218d05f1c393199139cfc,2017,10,middle-industry annual table
data/raw/106_table26.xlsx,https://ws.dgbas.gov.tw/public/data/dgbas04/bc5/month/10613/table26.xlsx,2026-08-09,13349,84228e43f230a821d8f9cf87d3f5db51d18f2e610851038f7890f88822ae9426,2017,10,middle-industry annual table
data/raw/106_table27.xlsx,https://ws.dgbas.gov.tw/public/data/dgbas04/bc5/month/10613/table27.xlsx,2026-08-09,13341,4f5d66252cae7396f91f06f043fa162118bc451ed5f622ebf3d7eaea8327823a,2017,10,middle-industry annual table
data/raw/106_table28.xlsx,https://ws.dgbas.gov.tw/public/data/dgbas04/bc5/month/10613/table28.xlsx,2026-08-09,13055,e56240b33b640f9c7b626f774ee0a1da8ad06aa59db5db82226c8dbd3a756a03,2017,10,middle-industry annual table
data/raw/106_table29.xlsx,https://ws.dgbas.gov.tw/public/data/dgbas04/bc5/month/10613/table29.xlsx,2026-08-09,13784,48c11191520f9982014531ef1d534dced55af9a93bfef7bc2d84d5960077ff69,2017,10,middle-industry annual table
data/raw/106_table30.xlsx,https://ws.dgbas.gov.tw/public/data/dgbas04/bc5/month/10613/table30.xlsx,2026-08-09,13787,b06b59eb3e0a17866a593895c2f786180981367700da9b1a6fc3beeeea311cb8,2017,10,middle-industry annual table
data/raw/106_table31.xlsx,https://ws.dgbas.gov.tw/public/data/dgbas04/bc5/month/10613/table31.xlsx,2026-08-09,13219,5763759604c8cc9672c52c556facdcb41ac22729e0c431b055ce7480631b0a73,2017,10,middle-industry annual table
data/raw/106_table32.xlsx,https://ws.dgbas.gov.tw/public/data/dgbas04/bc5/month/10613/table32.xlsx,2026-08-09,12651,714ee6de6e9f73b91348431e21671518f723be5457c0eaabcfc0a4005b04840c,2017,10,middle-industry annual table
data/raw/106_table33.xlsx,https://ws.dgbas.gov.tw/public/data/dgbas04/bc5/month/10613/table33.xlsx,2026-08-09,12967,41cba17718f2714b3b1c3db0cec8b65da5f9c309171cc7dd8a72fc362e99a80d,2017,10,middle-industry annual table
data/raw/106_table34.xlsx,https://ws.dgbas.gov.tw/public/data/dgbas04/bc5/month/10613/table34.xlsx,2026-08-09,13517,b95f222c3c179396ee7cd63d7d42f0d92d91c411484c9d57aa55a8db7fd1f6f8,2017,10,middle-industry annual table
data/raw/106_table35.xlsx,https://ws.dgbas.gov.tw/public/data/dgbas04/bc5/month/10613/table35.xlsx,2026-08-09,13493,5b85084c4cc12f764b877524bb06df54df3f8e3054b7ec31161a39b0a5bcf4f0,2017,10,middle-industry annual table
data/raw/106_table39.xlsx,https://ws.dgbas.gov.tw/public/data/dgbas04/bc5/month/10613/table39.xlsx,2026-08-09,12550,af8b09531cc7010ac6151dcb2a04f4794bf5a67799a6056ffc09f0c8be10f8bb,2017,10,middle-industry annual table
data/raw/106_table40.xlsx,https://ws.dgbas.gov.tw/public/data/dgbas04/bc5/month/10613/table40.xlsx,2026-08-09,18877,ff74ece4c77b55151f6babc014c2a6c1529e7a32b343ffb521eea0acdf0022d9,2017,10,middle-industry annual table
data/raw/106_table41.xlsx,https://ws.dgbas.gov.tw/public/data/dgbas04/bc5/month/10613/table41.xlsx,2026-08-09,12867,38fb1d4843de4d4174deeeb861be1b12efad8ea5fa76c5e48b8d7e3132f5fd56,2017,10,middle-industry annual table
data/raw/106_table42.xlsx,https://ws.dgbas.gov.tw/public/data/dgbas04/bc5/month/10613/table42.xlsx,2026-08-09,12847,3e0c1e3426783c3019d0af80abd6ddb4225876950853dad81fecd24d44b23d48,2017,10,middle-industry annual table
data/raw/106_table43.xlsx,https://ws.dgbas.gov.tw/public/data/dgbas04/bc5/month/10613/table43.xlsx,2026-08-09,12716,15b4442262e29cea8fc74c1047d77e02f602e3766a130313cb03d89264a6935e,2017,10,middle-industry annual table
data/raw/106_table44.xlsx,https://ws.dgbas.gov.tw/public/data/dgbas04/bc5/month/10613/table44.xlsx,2026-08-09,12707,d93cd0aca83d26159d31f489950d323b08946174eea614c8d32a242eb703e023,2017,10,middle-industry annual table
data/raw/106_table45.xlsx,https://ws.dgbas.gov.tw/public/data/dgbas04/bc5/month/10613/table45.xlsx,2026-08-09,12395,c0be396292032c480df84443c94a39bc78d7394b1d3e81968c69663ce53546e3,2017,10,middle-industry annual table
data/raw/106_table46.xlsx,https://ws.dgbas.gov.tw/public/data/dgbas04/bc5/month/10613/table46.xlsx,2026-08-09,13181,682478ac7f8f908424ec4efd591ad8a4159a1f5a4386c77270bfc45572677199,2017,10,middle-industry annual table
data/raw/106_table47.xlsx,https://ws.dgbas.gov.tw/public/data/dgbas04/bc5/month/10613/table47.xlsx,2026-08-09,13151,f00224c0761d901a2f49dbcc1b5f1263a6ef0f701beacc91ff93a0cc8c6d115c,2017,10,middle-industry annual table
data/raw/106_table48.xlsx,https://ws.dgbas.gov.tw/public/data/dgbas04/bc5/month/10613/table48.xlsx,2026-08-09,12517,1ec95fe615fb80d2784ee5839e21d95c1d829719a8db658993b238d32263b07f,2017,10,middle-industry annual table
data/raw/106_table49.xlsx,https://ws.dgbas.gov.tw/public/data/dgbas04/bc5/month/10613/table49.xlsx,2026-08-09,12312,7bbaf6136b24fcb1a8ffff90b3acf040ed8a2e33ad7495c4a65ff7c0a2b54cee,2017,10,middle-industry annual table
data/raw/106_table50.xlsx,https://ws.dgbas.gov.tw/public/data/dgbas04/bc5/month/10613/table50.xlsx,2026-08-09,12345,b972affe9a02657d67e1c342cdd16d8bcce79fac92ac84397521d699cf59390f,2017,10,middle-industry annual table
data/raw/106_table51.xlsx,https://ws.dgbas.gov.tw/public/data/dgbas04/bc5/month/10613/table51.xlsx,2026-08-09,13281,c3fd8bc8730e79323943e5a8f8ae8e466e44bd668637974d09144f24c2f800f8,2017,10,middle-industry annual table
data/raw/106_table52.xlsx,https://ws.dgbas.gov.tw/public/data/dgbas04/bc5/month/10613/table52.xlsx,2026-08-09,13228,4934516480791444bbe2c4f66516670f3c3faef59d38dc6e702ddd52466a83cc,2017,10,middle-industry annual table
data/raw/107_major_table01.xlsx,https://ws.dgbas.gov.tw/public/data/dgbas04/bc5/month/10713/table1.xlsx,2026-08-09,31824,4d784fe3a277e50dacaf8d894634541b269a9d3ec01bc8b1164f8a72ba2109bf,historical through 2018; analysis uses 2018,10,same-vintage major-industry validation table
data/raw/107_major_table18.xlsx,https://ws.dgbas.gov.tw/public/data/dgbas04/bc5/month/10713/table18.xlsx,2026-08-09,30688,649175ff1a15baf3536909e25769ed816c8d694d712deb1adcf99d3da36a4add,historical through 2018; analysis uses 2018,10,same-vintage major-industry validation table
data/raw/107_major_table19.xlsx,https://ws.dgbas.gov.tw/public/data/dgbas04/bc5/month/10713/table19.xlsx,2026-08-09,30506,7394013f47ec4cdd301830c21e5bdcd1521a98a0916ff5dad355ad3b61124f37,historical through 2018; analysis uses 2018,10,same-vintage major-industry validation table
data/raw/107_major_table36.xlsx,https://ws.dgbas.gov.tw/public/data/dgbas04/bc5/month/10713/table36.xlsx,2026-08-09,62328,c769399254f42fe853f87e3ba1f5c6bbc55cac983ce606b08691e300d6f98f24,historical through 2018; analysis uses 2018,10,same-vintage major-industry validation table
data/raw/107_table04.xlsx,https://ws.dgbas.gov.tw/public/data/dgbas04/bc5/month/10713/table4.xlsx,2026-08-09,11572,53f3b2c6ec70c1f4ee72c24f6f5bdc73ca6cafced83ef7a3ac56bcdc489d1a0e,2018,10,middle-industry annual table
data/raw/107_table05.xlsx,https://ws.dgbas.gov.tw/public/data/dgbas04/bc5/month/10713/table5.xlsx,2026-08-09,17987,3d893d876a130575c2836c7ef120b3e31049db9d4cb27bc36e007bbb6c1385c5,2018,10,middle-industry annual table
data/raw/107_table06.xlsx,https://ws.dgbas.gov.tw/public/data/dgbas04/bc5/month/10713/table6.xlsx,2026-08-09,11353,005b648971ca49057ebd6bc50c4697514081931e7b57f3fa91cc5bff04a1a378,2018,10,middle-industry annual table
data/raw/107_table07.xlsx,https://ws.dgbas.gov.tw/public/data/dgbas04/bc5/month/10713/table7.xlsx,2026-08-09,11736,6b588c4545584abac34f0407b0e24b55c900d5ff87ad16310b4063863aa788c1,2018,10,middle-industry annual table
data/raw/107_table08.xlsx,https://ws.dgbas.gov.tw/public/data/dgbas04/bc5/month/10713/table8.xlsx,2026-08-09,11595,4a7e32cbb9514f0235d978cf09b8d6f30923a51a26a6db3d9c2652b583ef5a34,2018,10,middle-industry annual table
data/raw/107_table09.xlsx,https://ws.dgbas.gov.tw/public/data/dgbas04/bc5/month/10713/table9.xlsx,2026-08-09,11349,31564108c2d1d5e05cab2210645b7e6322e89e0080bbbf8d4ca0956a7b2bc647,2018,10,middle-industry annual table
data/raw/107_table10.xlsx,https://ws.dgbas.gov.tw/public/data/dgbas04/bc5/month/10713/table10.xlsx,2026-08-09,12288,a0d69d89fd478a33a54876a53b67aefe91279d02c7cfee2e97cb81208da539f0,2018,10,middle-industry annual table
data/raw/107_table11.xlsx,https://ws.dgbas.gov.tw/public/data/dgbas04/bc5/month/10713/table11.xlsx,2026-08-09,11487,c6267e5f5f8a87bf7b58ae2326e38750d033ff73035b1da87414458a18559bf9,2018,10,middle-industry annual table
data/raw/107_table12.xlsx,https://ws.dgbas.gov.tw/public/data/dgbas04/bc5/month/10713/table12.xlsx,2026-08-09,11919,45deab16e6dfc2ef6cc15a2a7f332c2d3a7b7be2794dba0087f3f53b2faf800a,2018,10,middle-industry annual table
data/raw/107_table13.xlsx,https://ws.dgbas.gov.tw/public/data/dgbas04/bc5/month/10713/table13.xlsx,2026-08-09,12441,2fbee7d806bd7037e7d88e6550ab07aeef6db127407e08dc13e5b0e686395c95,2018,10,middle-industry annual table
data/raw/107_table14.xlsx,https://ws.dgbas.gov.tw/public/data/dgbas04/bc5/month/10713/table14.xlsx,2026-08-09,12124,927c5c76673e3bd89020ca23c311b6fbe0f27dab5ce1a54c050432d0010a9cda,2018,10,middle-industry annual table
data/raw/107_table15.xlsx,https://ws.dgbas.gov.tw/public/data/dgbas04/bc5/month/10713/table15.xlsx,2026-08-09,12295,f1fb3f39c6c2a009d6af4589634b330aa60d87eafe1c1dd6510b67bfe66d34f6,2018,10,middle-industry annual table
data/raw/107_table16.xlsx,https://ws.dgbas.gov.tw/public/data/dgbas04/bc5/month/10713/table16.xlsx,2026-08-09,11679,c884245f19f5d79a8b082d09d0c90babcdc6e00d432ecc63cb050570c4e8b055,2018,10,middle-industry annual table
data/raw/107_table17.xlsx,https://ws.dgbas.gov.tw/public/data/dgbas04/bc5/month/10713/table17.xlsx,2026-08-09,11565,0e4edccfdb07899e4f1bea83bdd5a6289f9f77974fbf291cf13e70599a70896e,2018,10,middle-industry annual table
data/raw/107_table22.xlsx,https://ws.dgbas.gov.tw/public/data/dgbas04/bc5/month/10713/table22.xlsx,2026-08-09,12185,2f186b3b105d5b735656c81ebcac0ae3fbf5b9605ab38291e9db10a753e5687d,2018,10,middle-industry annual table
data/raw/107_table23.xlsx,https://ws.dgbas.gov.tw/public/data/dgbas04/bc5/month/10713/table23.xlsx,2026-08-09,19184,a73f51ee1e2f286b5dbc570cb2542f2996d2902067e4c809e690cb037a548443,2018,10,middle-industry annual table
data/raw/107_table24.xlsx,https://ws.dgbas.gov.tw/public/data/dgbas04/bc5/month/10713/table24.xlsx,2026-08-09,11955,c2052247c9f9489e044c0f09456c22844076ff80c53a472d9f81fc4d9011046e,2018,10,middle-industry annual table
data/raw/107_table25.xlsx,https://ws.dgbas.gov.tw/public/data/dgbas04/bc5/month/10713/table25.xlsx,2026-08-09,12451,93de3ca416722aed8bf7cac40fcdfe1e3f0ef40ced6c3b1d826c7be9df5e573b,2018,10,middle-industry annual table
data/raw/107_table26.xlsx,https://ws.dgbas.gov.tw/public/data/dgbas04/bc5/month/10713/table26.xlsx,2026-08-09,12233,3c50fbf196d60eef00512070ba98808c6a0260dc12578e1689711fa69f06ce49,2018,10,middle-industry annual table
data/raw/107_table27.xlsx,https://ws.dgbas.gov.tw/public/data/dgbas04/bc5/month/10713/table27.xlsx,2026-08-09,11968,9042d62738ada840f6106ff7ff5b2993b93573d94a81e3d0d0b74bc5ebfa4f45,2018,10,middle-industry annual table
data/raw/107_table28.xlsx,https://ws.dgbas.gov.tw/public/data/dgbas04/bc5/month/10713/table28.xlsx,2026-08-09,13046,c552855e0f50a47fbdb81312ffda5373afca820183b5c36ade79fa19da786ba5,2018,10,middle-industry annual table
data/raw/107_table29.xlsx,https://ws.dgbas.gov.tw/public/data/dgbas04/bc5/month/10713/table29.xlsx,2026-08-09,12103,122d59910246096cb58263916e1566e7b9f499a78a34fb7e064e04ad6e1a7cbc,2018,10,middle-industry annual table
data/raw/107_table30.xlsx,https://ws.dgbas.gov.tw/public/data/dgbas04/bc5/month/10713/table30.xlsx,2026-08-09,12641,c98b4a6e7a90becfd4f44ddcf78201f7ff5a84e87be7f5dfed31346a38519f60,2018,10,middle-industry annual table
data/raw/107_table31.xlsx,https://ws.dgbas.gov.tw/public/data/dgbas04/bc5/month/10713/table31.xlsx,2026-08-09,13128,8a8ef647cae5411d5d6b10eff2dd317dc1e71e17e6edcd795749a27b4e8b02c9,2018,10,middle-industry annual table
data/raw/107_table32.xlsx,https://ws.dgbas.gov.tw/public/data/dgbas04/bc5/month/10713/table32.xlsx,2026-08-09,12654,0c67829e01cdafad2ddb4ea924fc50ecea89ae8264427345a28dc88eeca6524c,2018,10,middle-industry annual table
data/raw/107_table33.xlsx,https://ws.dgbas.gov.tw/public/data/dgbas04/bc5/month/10713/table33.xlsx,2026-08-09,12906,55622549e8f5d457d039d475834d8e4924780c87f68042f89b528000997a2b7e,2018,10,middle-industry annual table
data/raw/107_table34.xlsx,https://ws.dgbas.gov.tw/public/data/dgbas04/bc5/month/10713/table34.xlsx,2026-08-09,12213,1ff4bdf0f9d07dcb106d37fc6d3d3c8a610cb4b9fb5a9b558964034323befd0d,2018,10,middle-industry annual table
data/raw/107_table35.xlsx,https://ws.dgbas.gov.tw/public/data/dgbas04/bc5/month/10713/table35.xlsx,2026-08-09,12131,edfe155d19a4fdf2011376e8efd1667539e50d238d5d6ddd8ab9dcabe05a0c22,2018,10,middle-industry annual table
data/raw/107_table39.xlsx,https://ws.dgbas.gov.tw/public/data/dgbas04/bc5/month/10713/table39.xlsx,2026-08-09,11936,0de12447a1a22077d4fc18d3adb673ff93abfa99717a2a618606ee9d5f4bff74,2018,10,middle-industry annual table
data/raw/107_table40.xlsx,https://ws.dgbas.gov.tw/public/data/dgbas04/bc5/month/10713/table40.xlsx,2026-08-09,19614,1dfcd4d58b9365bb44788777cd45b75830fcd5a7f0c496b52c1ec6dfed084e2c,2018,10,middle-industry annual table
data/raw/107_table41.xlsx,https://ws.dgbas.gov.tw/public/data/dgbas04/bc5/month/10713/table41.xlsx,2026-08-09,11861,1649512aeb3d96721961c5374ce979cec7223fe07f3d21fed297734782830f23,2018,10,middle-industry annual table
data/raw/107_table42.xlsx,https://ws.dgbas.gov.tw/public/data/dgbas04/bc5/month/10713/table42.xlsx,2026-08-09,12280,84f553db97b1a3d6d4bacea8034cc59c3e116d02109bd8b9c3ff451d4d5ddf72,2018,10,middle-industry annual table
data/raw/107_table43.xlsx,https://ws.dgbas.gov.tw/public/data/dgbas04/bc5/month/10713/table43.xlsx,2026-08-09,12069,5947ed576bc5ab55694c6201d4680291b06a3a76569e81bd8d3d925235783c05,2018,10,middle-industry annual table
data/raw/107_table44.xlsx,https://ws.dgbas.gov.tw/public/data/dgbas04/bc5/month/10713/table44.xlsx,2026-08-09,11823,db1bf1148f4499eb765ec2a44c34824307a9665f3d37a77c50107ba21520505d,2018,10,middle-industry annual table
data/raw/107_table45.xlsx,https://ws.dgbas.gov.tw/public/data/dgbas04/bc5/month/10713/table45.xlsx,2026-08-09,12670,8bdf92a683663ce999901f8134722f73c4580f30e81418c97c1b504444ba832f,2018,10,middle-industry annual table
data/raw/107_table46.xlsx,https://ws.dgbas.gov.tw/public/data/dgbas04/bc5/month/10713/table46.xlsx,2026-08-09,11915,2bcf4f8d50a7396f29c4cbb5f024a85d9fa52657f5038767c8270c47902dfb8f,2018,10,middle-industry annual table
data/raw/107_table47.xlsx,https://ws.dgbas.gov.tw/public/data/dgbas04/bc5/month/10713/table47.xlsx,2026-08-09,13398,ac3011bd8278801554f8e280de266d0fb02a066668a6326a84054414c29c54b2,2018,10,middle-industry annual table
data/raw/107_table48.xlsx,https://ws.dgbas.gov.tw/public/data/dgbas04/bc5/month/10713/table48.xlsx,2026-08-09,12695,4835cf4d9ecb8d5008afdaafea4a2f6ed78ab8ceae2c833861d1a88b37209206,2018,10,middle-industry annual table
data/raw/107_table49.xlsx,https://ws.dgbas.gov.tw/public/data/dgbas04/bc5/month/10713/table49.xlsx,2026-08-09,12493,873da12fd49b2e169ca6cc5e5ee07502efaa125155efcde7947de072cf255424,2018,10,middle-industry annual table
data/raw/107_table50.xlsx,https://ws.dgbas.gov.tw/public/data/dgbas04/bc5/month/10713/table50.xlsx,2026-08-09,12562,c29957b54903f43f3885e66c49f91769fefe965ba092dc56037d1526239c70cd,2018,10,middle-industry annual table
data/raw/107_table51.xlsx,https://ws.dgbas.gov.tw/public/data/dgbas04/bc5/month/10713/table51.xlsx,2026-08-09,12024,98c0d9fe32810dff7ed56ae0e6726a551d4e7ee520c5f88dd37678bd2c8c6a61,2018,10,middle-industry annual table
data/raw/107_table52.xlsx,https://ws.dgbas.gov.tw/public/data/dgbas04/bc5/month/10713/table52.xlsx,2026-08-09,12063,a3208c1def208f4eefec8858d3e52caf1b57fd99c4afaed7a52b1e56c79189b0,2018,10,middle-industry annual table
data/raw/108_major_table01.xlsx,https://ws.dgbas.gov.tw/public/data/dgbas04/bc5/month/10813/table1.xlsx,2026-08-09,31949,7e32d98a4b934c457a73841028e0bf409f401d86d4e7b4318cb97f80464e8521,historical through 2019; analysis uses 2019,10,same-vintage major-industry validation table
data/raw/108_major_table18.xlsx,https://ws.dgbas.gov.tw/public/data/dgbas04/bc5/month/10813/table18.xlsx,2026-08-09,30743,48d27d3d1451fff3f0d1b1ee163c1b74b21db2786643ab022fe9eda2bff391ba,historical through 2019; analysis uses 2019,10,same-vintage major-industry validation table
data/raw/108_major_table19.xlsx,https://ws.dgbas.gov.tw/public/data/dgbas04/bc5/month/10813/table19.xlsx,2026-08-09,30507,f6184079fb9480ea05c8a968f5075e2ca944ec4ea549113c1a5e72c02b71b134,historical through 2019; analysis uses 2019,10,same-vintage major-industry validation table
data/raw/108_major_table36.xlsx,https://ws.dgbas.gov.tw/public/data/dgbas04/bc5/month/10813/table36.xlsx,2026-08-09,61970,c1a957950be9458bd527b86f80b931da80a99a5ec91898355fc4f7554221faf7,historical through 2019; analysis uses 2019,10,same-vintage major-industry validation table
data/raw/108_table04.xlsx,https://ws.dgbas.gov.tw/public/data/dgbas04/bc5/month/10813/table4.xlsx,2026-08-09,11516,6855c17991685eee28e2b64bd174095f6b58cbc567e3c4fb6911064f80be53ee,2019,10,middle-industry annual table
data/raw/108_table05.xlsx,https://ws.dgbas.gov.tw/public/data/dgbas04/bc5/month/10813/table5.xlsx,2026-08-09,17901,3fbfada6aa561aa0f7a06e0cc3d02551203db656b6db661c7a848d9565a78bd6,2019,10,middle-industry annual table
data/raw/108_table06.xlsx,https://ws.dgbas.gov.tw/public/data/dgbas04/bc5/month/10813/table6.xlsx,2026-08-09,11312,32c23a4a5f43561dd15aa1114853dcfd40245fcb2a8a640ecc4c4f48de14fdda,2019,10,middle-industry annual table
data/raw/108_table07.xlsx,https://ws.dgbas.gov.tw/public/data/dgbas04/bc5/month/10813/table7.xlsx,2026-08-09,11718,52aaa6b031a5bc25c3181f5feabd509041d92bba40b6f09b2ab69e26a2102d4f,2019,10,middle-industry annual table
data/raw/108_table08.xlsx,https://ws.dgbas.gov.tw/public/data/dgbas04/bc5/month/10813/table8.xlsx,2026-08-09,11601,fa616413f539357d9393bcd9973b49866196087e8bed70faca44a1b084b91e55,2019,10,middle-industry annual table
data/raw/108_table09.xlsx,https://ws.dgbas.gov.tw/public/data/dgbas04/bc5/month/10813/table9.xlsx,2026-08-09,11335,7fb326c7a630b5af1f70bbdab80c7e9793756f5101cd296013385e92bb843fd2,2019,10,middle-industry annual table
data/raw/108_table10.xlsx,https://ws.dgbas.gov.tw/public/data/dgbas04/bc5/month/10813/table10.xlsx,2026-08-09,12288,6b840f78a2c8e67e8fb39c99e7360666121a5d3803fed9252886d77d23c5b6b2,2019,10,middle-industry annual table
data/raw/108_table11.xlsx,https://ws.dgbas.gov.tw/public/data/dgbas04/bc5/month/10813/table11.xlsx,2026-08-09,11497,402a2e85ab741d44dea3d5a0304b990476f13d4038b6283052b9eafdaaf45718,2019,10,middle-industry annual table
data/raw/108_table12.xlsx,https://ws.dgbas.gov.tw/public/data/dgbas04/bc5/month/10813/table12.xlsx,2026-08-09,11924,5980309e4cacb8bb52fd1bc24d6b35686291b90f656ada64b8cd930a14d6bd9e,2019,10,middle-industry annual table
data/raw/108_table13.xlsx,https://ws.dgbas.gov.tw/public/data/dgbas04/bc5/month/10813/table13.xlsx,2026-08-09,12441,330f51f6728107a49f58394f303eac3048ff4a1c441ae20c78b4c279c837e49d,2019,10,middle-industry annual table
data/raw/108_table14.xlsx,https://ws.dgbas.gov.tw/public/data/dgbas04/bc5/month/10813/table14.xlsx,2026-08-09,12122,32d8a1b884c327fe8e5cbcf415be8ddc6f63ea208ca788218d6ccc0fd169f812,2019,10,middle-industry annual table
data/raw/108_table15.xlsx,https://ws.dgbas.gov.tw/public/data/dgbas04/bc5/month/10813/table15.xlsx,2026-08-09,12291,4d25d8038931a82c995376295fc8a52091f24f9d83efe693a3f0fba118cec282,2019,10,middle-industry annual table
data/raw/108_table16.xlsx,https://ws.dgbas.gov.tw/public/data/dgbas04/bc5/month/10813/table16.xlsx,2026-08-09,11692,9a73190a1062386a70d9d901cc56b5ae1eb439ce63ea50e1e98ebf0dbcc5a3c0,2019,10,middle-industry annual table
data/raw/108_table17.xlsx,https://ws.dgbas.gov.tw/public/data/dgbas04/bc5/month/10813/table17.xlsx,2026-08-09,11574,01d842842f84e337e547c4f1fea7e48d89bdee793464d9a7ea32410cd480409b,2019,10,middle-industry annual table
data/raw/108_table22.xlsx,https://ws.dgbas.gov.tw/public/data/dgbas04/bc5/month/10813/table22.xlsx,2026-08-09,13402,fd9938954871996952adba33c6180e1ccb1a2104b62fc4cbc0675ab60d60f0d1,2019,10,middle-industry annual table
data/raw/108_table23.xlsx,https://ws.dgbas.gov.tw/public/data/dgbas04/bc5/month/10813/table23.xlsx,2026-08-09,19301,3667564d4d4977407fec6a8bd7f5ae7dc627b506d226e6bf7e6eafa35a2aff4a,2019,10,middle-industry annual table
data/raw/108_table24.xlsx,https://ws.dgbas.gov.tw/public/data/dgbas04/bc5/month/10813/table24.xlsx,2026-08-09,11964,105152f394f654b56585530390aa7bed6dbecb2ac3f09e0f1b4c48dea2f4a1e2,2019,10,middle-industry annual table
data/raw/108_table25.xlsx,https://ws.dgbas.gov.tw/public/data/dgbas04/bc5/month/10813/table25.xlsx,2026-08-09,12458,d68d7c9dc91e4dc1e80e33cacb75c77373b211d76996f04f9c77fb40c020424f,2019,10,middle-industry annual table
data/raw/108_table26.xlsx,https://ws.dgbas.gov.tw/public/data/dgbas04/bc5/month/10813/table26.xlsx,2026-08-09,12231,5364978f20b65e9b4343ec1fad736068063c41a146a79096fef0e676374ab7e8,2019,10,middle-industry annual table
data/raw/108_table27.xlsx,https://ws.dgbas.gov.tw/public/data/dgbas04/bc5/month/10813/table27.xlsx,2026-08-09,11935,7a0f94a431dd5cc166e017c87e45e6e247f4df4f8cd04149120cbf716a7c37c2,2019,10,middle-industry annual table
data/raw/108_table28.xlsx,https://ws.dgbas.gov.tw/public/data/dgbas04/bc5/month/10813/table28.xlsx,2026-08-09,13045,128fe68259d1cde10d84934ad4fed251f3170c9b7c4c5634fdeb79512d276f68,2019,10,middle-industry annual table
data/raw/108_table29.xlsx,https://ws.dgbas.gov.tw/public/data/dgbas04/bc5/month/10813/table29.xlsx,2026-08-09,12093,0d4334b247c6ba35ddbc3f1b24b8c74617bf35810f4ad2e574fc05430d916fbb,2019,10,middle-industry annual table
data/raw/108_table30.xlsx,https://ws.dgbas.gov.tw/public/data/dgbas04/bc5/month/10813/table30.xlsx,2026-08-09,12678,9050b38f9133d4d3e758556a1e4fb5825b5e78db91e2b3673371ce5e752a4393,2019,10,middle-industry annual table
data/raw/108_table31.xlsx,https://ws.dgbas.gov.tw/public/data/dgbas04/bc5/month/10813/table31.xlsx,2026-08-09,13117,bd6534ad0e83035a07153fd63f7a4704c0710d3e94d6edc06eb0078c7edac401,2019,10,middle-industry annual table
data/raw/108_table32.xlsx,https://ws.dgbas.gov.tw/public/data/dgbas04/bc5/month/10813/table32.xlsx,2026-08-09,12653,3b6e7538a291d069bc391cac6576f17b07ba29a69a6a3e99ee9a7eac59af7670,2019,10,middle-industry annual table
data/raw/108_table33.xlsx,https://ws.dgbas.gov.tw/public/data/dgbas04/bc5/month/10813/table33.xlsx,2026-08-09,12910,994cf89b9be231155fb2d63bd85ff6055d0ed2a606530dbc108a4c9d6d910031,2019,10,middle-industry annual table
data/raw/108_table34.xlsx,https://ws.dgbas.gov.tw/public/data/dgbas04/bc5/month/10813/table34.xlsx,2026-08-09,12206,198f333ab20d54400eca3694a35c8af393fd9c9669121733ccc19a7c1585ca00,2019,10,middle-industry annual table
data/raw/108_table35.xlsx,https://ws.dgbas.gov.tw/public/data/dgbas04/bc5/month/10813/table35.xlsx,2026-08-09,12096,b914833fd34c9da92bd8b40ad85be5506de27f60d9e1dc76c1370fc982973970,2019,10,middle-industry annual table
data/raw/108_table39.xlsx,https://ws.dgbas.gov.tw/public/data/dgbas04/bc5/month/10813/table39.xlsx,2026-08-09,11980,d81faa6a20decc1ee5bf70134bc5c6bd20ca8d093fee364b5b473b613a8275bc,2019,10,middle-industry annual table
data/raw/108_table40.xlsx,https://ws.dgbas.gov.tw/public/data/dgbas04/bc5/month/10813/table40.xlsx,2026-08-09,19691,0ab53344287ea34868b9188eff9439d4b26ed162bdc005eab72addd9aa1c14b5,2019,10,middle-industry annual table
data/raw/108_table41.xlsx,https://ws.dgbas.gov.tw/public/data/dgbas04/bc5/month/10813/table41.xlsx,2026-08-09,11856,399ddeb1814006f694a51ff23117667cc5ed0a26f4ffe4acace35f5b2f50b955,2019,10,middle-industry annual table
data/raw/108_table42.xlsx,https://ws.dgbas.gov.tw/public/data/dgbas04/bc5/month/10813/table42.xlsx,2026-08-09,12232,33e9829a0c8090a1288aa1e2a92154243729f6fb0c748599ace1cf20be7812de,2019,10,middle-industry annual table
data/raw/108_table43.xlsx,https://ws.dgbas.gov.tw/public/data/dgbas04/bc5/month/10813/table43.xlsx,2026-08-09,12063,10cdee31c97b4e49efb4fff681ebb4072b28d2e69f4f45e9f4c60d6d7e0214d2,2019,10,middle-industry annual table
data/raw/108_table44.xlsx,https://ws.dgbas.gov.tw/public/data/dgbas04/bc5/month/10813/table44.xlsx,2026-08-09,11803,f8418be077e6cf96d03568256861d25d94d136b165c4d43e5551d6953fd0bc97,2019,10,middle-industry annual table
data/raw/108_table45.xlsx,https://ws.dgbas.gov.tw/public/data/dgbas04/bc5/month/10813/table45.xlsx,2026-08-09,12681,6bacb854f49abb9ff54773c4a1d34b41c2fe9f7e3c9a9a6dc3de4e21b336bb49,2019,10,middle-industry annual table
data/raw/108_table46.xlsx,https://ws.dgbas.gov.tw/public/data/dgbas04/bc5/month/10813/table46.xlsx,2026-08-09,11934,db7a1859635becb2455d1be6cc22e9d273ec1933bd52d742643f1fe891342823,2019,10,middle-industry annual table
data/raw/108_table47.xlsx,https://ws.dgbas.gov.tw/public/data/dgbas04/bc5/month/10813/table47.xlsx,2026-08-09,12410,248241ec8af31452cd4727b32910235fc314b04ddd4bf978f6080c1f87bd7efc,2019,10,middle-industry annual table
data/raw/108_table48.xlsx,https://ws.dgbas.gov.tw/public/data/dgbas04/bc5/month/10813/table48.xlsx,2026-08-09,12682,ec3afb4d549d11396157964cbfc141f57e618290225f58db6effcd771729d545,2019,10,middle-industry annual table
data/raw/108_table49.xlsx,https://ws.dgbas.gov.tw/public/data/dgbas04/bc5/month/10813/table49.xlsx,2026-08-09,12473,c0e03833cc1dda17ae75e3cfda50e86112a8fedcaea6e9216621090384f068c3,2019,10,middle-industry annual table
data/raw/108_table50.xlsx,https://ws.dgbas.gov.tw/public/data/dgbas04/bc5/month/10813/table50.xlsx,2026-08-09,12597,c36dee6a3ffe40ca98f0bef012dac8ed2d0b2ebed23c0426755e52834d1ecf42,2019,10,middle-industry annual table
data/raw/108_table51.xlsx,https://ws.dgbas.gov.tw/public/data/dgbas04/bc5/month/10813/table51.xlsx,2026-08-09,12016,5a5ccac6f7b26bd637fbd7c53daed77daf22f57a57d55d1c14802c89f99d75b8,2019,10,middle-industry annual table
data/raw/108_table52.xlsx,https://ws.dgbas.gov.tw/public/data/dgbas04/bc5/month/10813/table52.xlsx,2026-08-09,12029,2cb2e2d37b0db29331633352d3a69ae77d4f3fa0f5bf3431153995854f54add9,2019,10,middle-industry annual table
data/raw/109_major_table01.xlsx,https://ws.dgbas.gov.tw/public/data/dgbas04/bc5/month/10913/table1.xlsx,2026-08-09,38405,864aa2e7487d57d2cfbd76eefc5269419b85b6363aaf1a9b52508550ff2b1f44,historical through 2020; analysis uses 2020,10,same-vintage major-industry validation table
data/raw/109_major_table18.xlsx,https://ws.dgbas.gov.tw/public/data/dgbas04/bc5/month/10913/table18.xlsx,2026-08-09,38179,bc120786db2d13c78bf529836eb7ec2f226577753e933bb212176102505c506c,historical through 2020; analysis uses 2020,10,same-vintage major-industry validation table
data/raw/109_major_table19.xlsx,https://ws.dgbas.gov.tw/public/data/dgbas04/bc5/month/10913/table19.xlsx,2026-08-09,38009,06fe6b2cd9689ce63f43b38c11a07fd638a53168cd6bd1ec034095dac5576f22,historical through 2020; analysis uses 2020,10,same-vintage major-industry validation table
data/raw/109_major_table36.xlsx,https://ws.dgbas.gov.tw/public/data/dgbas04/bc5/month/10913/table36.xlsx,2026-08-09,61723,14c04fc9fc043368ef0154e0a2d29e6c50d3e44cf7c76ca262832f1df8d276e2,historical through 2020; analysis uses 2020,10,same-vintage major-industry validation table
data/raw/109_table04.xlsx,https://ws.dgbas.gov.tw/public/data/dgbas04/bc5/month/10913/table4.xlsx,2026-08-09,19254,4c5e83f38bc75429d13af4c8db8158fa0e550382d34887ac5933a2f9519685d1,2020,10,middle-industry annual table
data/raw/109_table05.xlsx,https://ws.dgbas.gov.tw/public/data/dgbas04/bc5/month/10913/table5.xlsx,2026-08-09,25435,c08c3f26fec62339e5dc2ffeff0b97f3234a26732d8a057f82d37f550858c291,2020,10,middle-industry annual table
data/raw/109_table06.xlsx,https://ws.dgbas.gov.tw/public/data/dgbas04/bc5/month/10913/table6.xlsx,2026-08-09,18949,a46bf2c414b0fbc6b5799e84a5c81c78d39b9bf0b6b3433f8060638903529f61,2020,10,middle-industry annual table
data/raw/109_table07.xlsx,https://ws.dgbas.gov.tw/public/data/dgbas04/bc5/month/10913/table7.xlsx,2026-08-09,19242,6b9a99794dc0c57d32537cad733603bf04f0b70b7df88526e4f6a2844af230b8,2020,10,middle-industry annual table
data/raw/109_table08.xlsx,https://ws.dgbas.gov.tw/public/data/dgbas04/bc5/month/10913/table8.xlsx,2026-08-09,19062,b2de4fb93597408da71d473171952efa0e7fa97848c4326e7c3a993a10a952a4,2020,10,middle-industry annual table
data/raw/109_table09.xlsx,https://ws.dgbas.gov.tw/public/data/dgbas04/bc5/month/10913/table9.xlsx,2026-08-09,18969,ce28e88a2083cc971fbec39be62fbdf49fa521072589e14da65452dea780963f,2020,10,middle-industry annual table
data/raw/109_table10.xlsx,https://ws.dgbas.gov.tw/public/data/dgbas04/bc5/month/10913/table10.xlsx,2026-08-09,19720,8812b715d5adada75a1a8c3a4efb36d06369d75e3911aeabcba81acb2b5025ed,2020,10,middle-industry annual table
data/raw/109_table11.xlsx,https://ws.dgbas.gov.tw/public/data/dgbas04/bc5/month/10913/table11.xlsx,2026-08-09,19059,223c8c4fe0ea56fa95879abb5aae22e07c594f5a3791041c055182ff5d2531fd,2020,10,middle-industry annual table
data/raw/109_table12.xlsx,https://ws.dgbas.gov.tw/public/data/dgbas04/bc5/month/10913/table12.xlsx,2026-08-09,19550,0e237da9fd3510211bfe7b9dc8cddfc045584eeafb2742132e2171cd7edd8ea4,2020,10,middle-industry annual table
data/raw/109_table13.xlsx,https://ws.dgbas.gov.tw/public/data/dgbas04/bc5/month/10913/table13.xlsx,2026-08-09,20057,3636e0f80792513e838f70464f7130aad2a72fe56d8c4ed794566e4576319b62,2020,10,middle-industry annual table
data/raw/109_table14.xlsx,https://ws.dgbas.gov.tw/public/data/dgbas04/bc5/month/10913/table14.xlsx,2026-08-09,19710,00d925b93ce26301963506bcb5c39fa3ab42b8256129e0a9d5534723ad1445ad,2020,10,middle-industry annual table
data/raw/109_table15.xlsx,https://ws.dgbas.gov.tw/public/data/dgbas04/bc5/month/10913/table15.xlsx,2026-08-09,19899,b8137e966dba93ac6a6407c24e074050b61a67637e026c02f552056ec36eced5,2020,10,middle-industry annual table
data/raw/109_table16.xlsx,https://ws.dgbas.gov.tw/public/data/dgbas04/bc5/month/10913/table16.xlsx,2026-08-09,19271,a1136982a0b246c48c7fabd92c8407e199b6f902b0b2998c4340fb7e287554e2,2020,10,middle-industry annual table
data/raw/109_table17.xlsx,https://ws.dgbas.gov.tw/public/data/dgbas04/bc5/month/10913/table17.xlsx,2026-08-09,19160,fc1c0fa7a72a65240a349d87aee0d87b8a4b4f4ad41c70e11589dbf8551e66b4,2020,10,middle-industry annual table
data/raw/109_table22.xlsx,https://ws.dgbas.gov.tw/public/data/dgbas04/bc5/month/10913/table22.xlsx,2026-08-09,12255,fc7fd3b99ae254ad204ead30331b60eef6d0c3d67c849dac32da60b9d1afaf0d,2020,10,middle-industry annual table
data/raw/109_table23.xlsx,https://ws.dgbas.gov.tw/public/data/dgbas04/bc5/month/10913/table23.xlsx,2026-08-09,19591,2d5cc8ec304ceb6595c5ad3fb26fbd2fa7192c83daa3d570a77c1f95fa2b3894,2020,10,middle-industry annual table
data/raw/109_table24.xlsx,https://ws.dgbas.gov.tw/public/data/dgbas04/bc5/month/10913/table24.xlsx,2026-08-09,12047,d22347ff35af97b22f008f89192ac4bdc0a65eea04271a51788f7ef4791dbb71,2020,10,middle-industry annual table
data/raw/109_table25.xlsx,https://ws.dgbas.gov.tw/public/data/dgbas04/bc5/month/10913/table25.xlsx,2026-08-09,12543,3c180cc1d7b90bab0a8b0c2c1a61108d86d1b4c4ea8a94358c3c8c590638e3a8,2020,10,middle-industry annual table
data/raw/109_table26.xlsx,https://ws.dgbas.gov.tw/public/data/dgbas04/bc5/month/10913/table26.xlsx,2026-08-09,12352,95a6f8fe1eabc11de43175ead6b6365df47ed97da2353a0de9c6f722a47e3d77,2020,10,middle-industry annual table
data/raw/109_table27.xlsx,https://ws.dgbas.gov.tw/public/data/dgbas04/bc5/month/10913/table27.xlsx,2026-08-09,12062,a5e66e66ffa39709ca65d4a27a4f010a5917afbf536450e9c85ddc2d71f9d8bf,2020,10,middle-industry annual table
data/raw/109_table28.xlsx,https://ws.dgbas.gov.tw/public/data/dgbas04/bc5/month/10913/table28.xlsx,2026-08-09,13154,83ebacac414ec88b7a1da36977c752a397c1a521d19c07b98416172ed04f13c0,2020,10,middle-industry annual table
data/raw/109_table29.xlsx,https://ws.dgbas.gov.tw/public/data/dgbas04/bc5/month/10913/table29.xlsx,2026-08-09,12198,d7180fcad9bdb4299523b452f190a6742d2d789a76225104b4f61b43ab04c414,2020,10,middle-industry annual table
data/raw/109_table30.xlsx,https://ws.dgbas.gov.tw/public/data/dgbas04/bc5/month/10913/table30.xlsx,2026-08-09,12778,3b7de72837a69afeef3b019616ca57126046a9b555a9a734b6712ad57b8a80b8,2020,10,middle-industry annual table
data/raw/109_table31.xlsx,https://ws.dgbas.gov.tw/public/data/dgbas04/bc5/month/10913/table31.xlsx,2026-08-09,13230,3486eb1405d65d6bf4730ef14e310182ebf59cb0637311b060b0337fa3c29ce9,2020,10,middle-industry annual table
data/raw/109_table32.xlsx,https://ws.dgbas.gov.tw/public/data/dgbas04/bc5/month/10913/table32.xlsx,2026-08-09,12752,c27182e5d35358f4480a36193907ca091b56a3b93ec4bd7bf62120b7f5be68c2,2020,10,middle-industry annual table
data/raw/109_table33.xlsx,https://ws.dgbas.gov.tw/public/data/dgbas04/bc5/month/10913/table33.xlsx,2026-08-09,13008,cfd23471fad31b5afbb3edde977b4200d92a4ed6fbeb1a935305a8ece2d05b22,2020,10,middle-industry annual table
data/raw/109_table34.xlsx,https://ws.dgbas.gov.tw/public/data/dgbas04/bc5/month/10913/table34.xlsx,2026-08-09,12315,2d3aa56c4e1f70412fba96bb81ee5b39f48d91c39d96f74b59f9bdd48963e037,2020,10,middle-industry annual table
data/raw/109_table35.xlsx,https://ws.dgbas.gov.tw/public/data/dgbas04/bc5/month/10913/table35.xlsx,2026-08-09,12189,fe4f73682c5f2fb1379d5c950a1cb9ca2115e4017ac443dab955bc7992882740,2020,10,middle-industry annual table
data/raw/109_table39.xlsx,https://ws.dgbas.gov.tw/public/data/dgbas04/bc5/month/10913/table39.xlsx,2026-08-09,12115,cacef5d0b3a8ff9cb1fe5bf7c998bb5a0e87a311dffc094e4ddf68c0259982ef,2020,10,middle-industry annual table
data/raw/109_table40.xlsx,https://ws.dgbas.gov.tw/public/data/dgbas04/bc5/month/10913/table40.xlsx,2026-08-09,20043,0d972ad375b657fb6ebbd59881031e85b7682b6180a62de42f0eecd052de872a,2020,10,middle-industry annual table
data/raw/109_table41.xlsx,https://ws.dgbas.gov.tw/public/data/dgbas04/bc5/month/10913/table41.xlsx,2026-08-09,11984,4fdf6a0dc8ce12f94e0df0ea6ff659f947cd5e655f8605fcd918a12f0e30f754,2020,10,middle-industry annual table
data/raw/109_table42.xlsx,https://ws.dgbas.gov.tw/public/data/dgbas04/bc5/month/10913/table42.xlsx,2026-08-09,12384,bac9e740971e0a398c216343c940604815358f5f6a4b86533cee9c6a8a1e4302,2020,10,middle-industry annual table
data/raw/109_table43.xlsx,https://ws.dgbas.gov.tw/public/data/dgbas04/bc5/month/10913/table43.xlsx,2026-08-09,12194,589ffe53f6f5cbf09e0d8201b6e2a047760dfe24c3b33a2faefb7443d1c41738,2020,10,middle-industry annual table
data/raw/109_table44.xlsx,https://ws.dgbas.gov.tw/public/data/dgbas04/bc5/month/10913/table44.xlsx,2026-08-09,11966,919e5ad143c584c7db1b6a90a81112d80dcd000cf05bc576233b593dc8f60d82,2020,10,middle-industry annual table
data/raw/109_table45.xlsx,https://ws.dgbas.gov.tw/public/data/dgbas04/bc5/month/10913/table45.xlsx,2026-08-09,12827,092298c2ce60b201e2985244d1c201ae3495694ccc0813685126ae13f1ec91dd,2020,10,middle-industry annual table
data/raw/109_table46.xlsx,https://ws.dgbas.gov.tw/public/data/dgbas04/bc5/month/10913/table46.xlsx,2026-08-09,12037,1d3a0a3fcb8bfbf0fd534936bc79df092a03e1b0d068720c1e76f10d9557d96c,2020,10,middle-industry annual table
data/raw/109_table47.xlsx,https://ws.dgbas.gov.tw/public/data/dgbas04/bc5/month/10913/table47.xlsx,2026-08-09,12550,8d155337f1e43f246e1e7788f0b257d896881b186a83f1170076c320a0c61037,2020,10,middle-industry annual table
data/raw/109_table48.xlsx,https://ws.dgbas.gov.tw/public/data/dgbas04/bc5/month/10913/table48.xlsx,2026-08-09,12811,bb5f4eefbd40438028aebdad3931b97b3f99e99d27161f8d527c85f10b7a7e86,2020,10,middle-industry annual table
data/raw/109_table49.xlsx,https://ws.dgbas.gov.tw/public/data/dgbas04/bc5/month/10913/table49.xlsx,2026-08-09,12618,ecefa58c7081251eabc489762d3e0de9cf23a4ac24ada9b3f58c0f12367b7ec3,2020,10,middle-industry annual table
data/raw/109_table50.xlsx,https://ws.dgbas.gov.tw/public/data/dgbas04/bc5/month/10913/table50.xlsx,2026-08-09,12721,4878257dd2ae9f5addfacc577a168071fb54d6b9143d2fa8b5dd113adff9ebbb,2020,10,middle-industry annual table
data/raw/109_table51.xlsx,https://ws.dgbas.gov.tw/public/data/dgbas04/bc5/month/10913/table51.xlsx,2026-08-09,12144,f7a5ad7416b9babd7aea0954794363b5129cb83f778cc463c6fc2769220ef6ba,2020,10,middle-industry annual table
data/raw/109_table52.xlsx,https://ws.dgbas.gov.tw/public/data/dgbas04/bc5/month/10913/table52.xlsx,2026-08-09,12166,d0a18bd8b856ff69a8b16a90d0b02d7ff86556f8600590fa5dbc2f534abc583a,2020,10,middle-industry annual table
data/raw/110_major_table01.xlsx,https://ws.dgbas.gov.tw/public/data/dgbas04/bc5/month/11013/table1.xlsx,2026-08-09,37484,407b35516b5b57116b7f97f9f84d9de32a71b3c587fedd670411b0701832053b,historical through 2021; analysis uses 2021,11,same-vintage major-industry validation table
data/raw/110_major_table18.xlsx,https://ws.dgbas.gov.tw/public/data/dgbas04/bc5/month/11013/table18.xlsx,2026-08-09,36162,b422686e2a9e3ae06c7cd177cafdd2b4f99d003a77e18707312eaf60944ff82a,historical through 2021; analysis uses 2021,11,same-vintage major-industry validation table
data/raw/110_major_table19.xlsx,https://ws.dgbas.gov.tw/public/data/dgbas04/bc5/month/11013/table19.xlsx,2026-08-09,35910,6e25a2e40053ff40242e0f9177af613bfbfba5f9bec97c1bb5440ddcfb00661f,historical through 2021; analysis uses 2021,11,same-vintage major-industry validation table
data/raw/110_major_table36.xlsx,https://ws.dgbas.gov.tw/public/data/dgbas04/bc5/month/11013/table36.xlsx,2026-08-09,78521,d5f890fb5746e51a6a9303a817118db59a28707c0b4a38a1b82ff6fe9a466e36,historical through 2021; analysis uses 2021,11,same-vintage major-industry validation table
data/raw/110_table04.xlsx,https://ws.dgbas.gov.tw/public/data/dgbas04/bc5/month/11013/table4.xlsx,2026-08-09,13472,b499b167cbefea48cab3b4c023319e5e15f2c2687c7bf78231c0e65598939770,2021,11,middle-industry annual table
data/raw/110_table05.xlsx,https://ws.dgbas.gov.tw/public/data/dgbas04/bc5/month/11013/table5.xlsx,2026-08-09,23404,5414080d660055260d736c0ecf2a8b9c61a1f9d587dfc34707c8931ec549d385,2021,11,middle-industry annual table
data/raw/110_table06.xlsx,https://ws.dgbas.gov.tw/public/data/dgbas04/bc5/month/11013/table6.xlsx,2026-08-09,13268,cf0ba25fec8c9316222193acd231dc152d1942543ab438f0a4d132e00d5a38f6,2021,11,middle-industry annual table
data/raw/110_table07.xlsx,https://ws.dgbas.gov.tw/public/data/dgbas04/bc5/month/11013/table7.xlsx,2026-08-09,13649,1e3feb856a1a561babeec0d563d0009b7f26f0619b305caa5643cbe528e05202,2021,11,middle-industry annual table
data/raw/110_table08.xlsx,https://ws.dgbas.gov.tw/public/data/dgbas04/bc5/month/11013/table8.xlsx,2026-08-09,13526,2ee9684a1561a70aaa1067c0c6beeb6442628ba08421dd614c3e343de9ac2059,2021,11,middle-industry annual table
data/raw/110_table09.xlsx,https://ws.dgbas.gov.tw/public/data/dgbas04/bc5/month/11013/table9.xlsx,2026-08-09,13275,7e8f161576bcdf699fa135a9c4fc6c6f2f93029ad8d54789ac39279fb99b2287,2021,11,middle-industry annual table
data/raw/110_table10.xlsx,https://ws.dgbas.gov.tw/public/data/dgbas04/bc5/month/11013/table10.xlsx,2026-08-09,14218,9939d84858f8309719ec76d5b3e0939325b02700b5341d4825054a1b6e31a6e2,2021,11,middle-industry annual table
data/raw/110_table11.xlsx,https://ws.dgbas.gov.tw/public/data/dgbas04/bc5/month/11013/table11.xlsx,2026-08-09,13432,1f0045fbdfc7c0b89b0cc43f5cbea4daa21129a15159bd5afd15b1022ff13060,2021,11,middle-industry annual table
data/raw/110_table12.xlsx,https://ws.dgbas.gov.tw/public/data/dgbas04/bc5/month/11013/table12.xlsx,2026-08-09,13863,80bb4ce09ce6381aca5fa381f091fda86de1382eab46f4642aedcebf7ec29ce8,2021,11,middle-industry annual table
data/raw/110_table13.xlsx,https://ws.dgbas.gov.tw/public/data/dgbas04/bc5/month/11013/table13.xlsx,2026-08-09,14358,7419e41da9cf0261886712c1643810e99887679fc878705239482ad621435bc4,2021,11,middle-industry annual table
data/raw/110_table14.xlsx,https://ws.dgbas.gov.tw/public/data/dgbas04/bc5/month/11013/table14.xlsx,2026-08-09,14147,3b0a5b533fb9fca599a890f76c615375bf646dcf9a6e17507b919b941ab9b84e,2021,11,middle-industry annual table
data/raw/110_table15.xlsx,https://ws.dgbas.gov.tw/public/data/dgbas04/bc5/month/11013/table15.xlsx,2026-08-09,14383,64c1a516a16cfc566851b7ab9910058cb071e803e1574760be90d1bd2d1f7183,2021,11,middle-industry annual table
data/raw/110_table16.xlsx,https://ws.dgbas.gov.tw/public/data/dgbas04/bc5/month/11013/table16.xlsx,2026-08-09,13729,b845b9f0e52d464a66b3063ec36491d671c393013c2de6abda2500f9afac5ed3,2021,11,middle-industry annual table
data/raw/110_table17.xlsx,https://ws.dgbas.gov.tw/public/data/dgbas04/bc5/month/11013/table17.xlsx,2026-08-09,13491,ae9ba34e85ae2ffe7b28d87a2506c56cc513224f4cc96b89db4e6f982ddc22ba,2021,11,middle-industry annual table
data/raw/110_table22.xlsx,https://ws.dgbas.gov.tw/public/data/dgbas04/bc5/month/11013/table22.xlsx,2026-08-09,14494,44c02ab649f0f41bc7251eb48e85a6122bfece17fdc644cd7900b4d29e9a17f6,2021,11,middle-industry annual table
data/raw/110_table23.xlsx,https://ws.dgbas.gov.tw/public/data/dgbas04/bc5/month/11013/table23.xlsx,2026-08-09,25996,9b227769f2c19512e57a8855eee7e99ef4faa49e4f96cce8fff7d6aa4f70e2d2,2021,11,middle-industry annual table
data/raw/110_table24.xlsx,https://ws.dgbas.gov.tw/public/data/dgbas04/bc5/month/11013/table24.xlsx,2026-08-09,14275,40875dd51779fed720313f5b246c4d89ac716de27e304248be4d75fbf2e9139a,2021,11,middle-industry annual table
data/raw/110_table25.xlsx,https://ws.dgbas.gov.tw/public/data/dgbas04/bc5/month/11013/table25.xlsx,2026-08-09,14770,78b6b7d358db14f1c5785ac27a15a1e371df5244d945d32504253bbcc7e50c93,2021,11,middle-industry annual table
data/raw/110_table26.xlsx,https://ws.dgbas.gov.tw/public/data/dgbas04/bc5/month/11013/table26.xlsx,2026-08-09,14545,d29a3f87c9630208b6f767a76d568ea209e9d647f50267d62d4666d3cfda775e,2021,11,middle-industry annual table
data/raw/110_table27.xlsx,https://ws.dgbas.gov.tw/public/data/dgbas04/bc5/month/11013/table27.xlsx,2026-08-09,14279,81e726097fa3abcc06b73fdc779c3c64a439a23b41f78543e7c3feab95786198,2021,11,middle-industry annual table
data/raw/110_table28.xlsx,https://ws.dgbas.gov.tw/public/data/dgbas04/bc5/month/11013/table28.xlsx,2026-08-09,15381,2b9166bc1978aed9e14c343ba07ab741f371fcc6182ff128f0abec3f13502778,2021,11,middle-industry annual table
data/raw/110_table29.xlsx,https://ws.dgbas.gov.tw/public/data/dgbas04/bc5/month/11013/table29.xlsx,2026-08-09,14420,636f3f058a0a65aa4aecfa2b1363192d34162a86f5b509411ededf34298dde32,2021,11,middle-industry annual table
data/raw/110_table30.xlsx,https://ws.dgbas.gov.tw/public/data/dgbas04/bc5/month/11013/table30.xlsx,2026-08-09,14965,736956522f6b4a79f9114bf1fc1e73476eb7cea30fbb485fb1fd61765f2f50a0,2021,11,middle-industry annual table
data/raw/110_table31.xlsx,https://ws.dgbas.gov.tw/public/data/dgbas04/bc5/month/11013/table31.xlsx,2026-08-09,15447,8c5dd8d7521c4ee5eb0f6d05c21ce260d21064f00743517172a7604f62d2df7c,2021,11,middle-industry annual table
data/raw/110_table32.xlsx,https://ws.dgbas.gov.tw/public/data/dgbas04/bc5/month/11013/table32.xlsx,2026-08-09,15041,1c18c3c4a970ab13c8f0c26e6a6ab0523f35c21a501c1f8b0fd005e3a443614f,2021,11,middle-industry annual table
data/raw/110_table33.xlsx,https://ws.dgbas.gov.tw/public/data/dgbas04/bc5/month/11013/table33.xlsx,2026-08-09,15440,8fef15448fc3055ae8c75dcbd00011bcb7644527e71b26a19ac13350600e065f,2021,11,middle-industry annual table
data/raw/110_table34.xlsx,https://ws.dgbas.gov.tw/public/data/dgbas04/bc5/month/11013/table34.xlsx,2026-08-09,14735,00f5ef9f6d2d46bd16c8352138127fc0df6e5ab48954127e873e3028bef60856,2021,11,middle-industry annual table
data/raw/110_table35.xlsx,https://ws.dgbas.gov.tw/public/data/dgbas04/bc5/month/11013/table35.xlsx,2026-08-09,14411,ec6057c6d4b3c26cffbb5eb5328e0942092da97cf5ae53700aa9e4947ac726cf,2021,11,middle-industry annual table
data/raw/110_table39.xlsx,https://ws.dgbas.gov.tw/public/data/dgbas04/bc5/month/11013/table39.xlsx,2026-08-09,14835,7eeed44dc25480856d15dbd231b7fab03ed6e70449660fb1fc48314736f463f0,2021,11,middle-industry annual table
data/raw/110_table40.xlsx,https://ws.dgbas.gov.tw/public/data/dgbas04/bc5/month/11013/table40.xlsx,2026-08-09,26559,77be52b4134dc1de1d8c30701f9d1fb612282993e13047551de09f4d2eee460c,2021,11,middle-industry annual table
data/raw/110_table41.xlsx,https://ws.dgbas.gov.tw/public/data/dgbas04/bc5/month/11013/table41.xlsx,2026-08-09,14737,6aae88131af07cac77c851dadc5699ef67106ec34be61710cd13a202ec35feff,2021,11,middle-industry annual table
data/raw/110_table42.xlsx,https://ws.dgbas.gov.tw/public/data/dgbas04/bc5/month/11013/table42.xlsx,2026-08-09,15170,ab758e013f677bdf225bdbca65e787b4f8cf895d79dd6f8cb092977e687edf8d,2021,11,middle-industry annual table
data/raw/110_table43.xlsx,https://ws.dgbas.gov.tw/public/data/dgbas04/bc5/month/11013/table43.xlsx,2026-08-09,14998,3241ba84e760985eed5dae7b1f0435d1737bba463972f320bad2107651885308,2021,11,middle-industry annual table
data/raw/110_table44.xlsx,https://ws.dgbas.gov.tw/public/data/dgbas04/bc5/month/11013/table44.xlsx,2026-08-09,14736,fdd24c664cb9f50305cd8bbf6662db029f23332e44b4dc544eee609bfc0db075,2021,11,middle-industry annual table
data/raw/110_table45.xlsx,https://ws.dgbas.gov.tw/public/data/dgbas04/bc5/month/11013/table45.xlsx,2026-08-09,15610,22792af8edf242af082193a1b94f78fcf6d4ec504e53b4562dcb8bc564a68416,2021,11,middle-industry annual table
data/raw/110_table46.xlsx,https://ws.dgbas.gov.tw/public/data/dgbas04/bc5/month/11013/table46.xlsx,2026-08-09,14875,8f3d953a1f53daac9204ad0218230ab30776e1ae7d06d55199b6413b1ddfb00a,2021,11,middle-industry annual table
data/raw/110_table47.xlsx,https://ws.dgbas.gov.tw/public/data/dgbas04/bc5/month/11013/table47.xlsx,2026-08-09,15333,900b5b84f0d9ff270fe54bdbc01e5dd4082268bf3a3e96cf74f1fe0f1101609e,2021,11,middle-industry annual table
data/raw/110_table48.xlsx,https://ws.dgbas.gov.tw/public/data/dgbas04/bc5/month/11013/table48.xlsx,2026-08-09,15122,602d2040f08e98184d69625433b4096868710e656566ee71bf918f5e6a825af2,2021,11,middle-industry annual table
data/raw/110_table49.xlsx,https://ws.dgbas.gov.tw/public/data/dgbas04/bc5/month/11013/table49.xlsx,2026-08-09,15558,72f5526e0e12d98af11e69e6291dba8fe241faabf9e939f010332b712c680fd4,2021,11,middle-industry annual table
data/raw/110_table50.xlsx,https://ws.dgbas.gov.tw/public/data/dgbas04/bc5/month/11013/table50.xlsx,2026-08-09,15184,d0f017c12eed0a13984881e638bb08a0a30c75458eb398f5982afa3810b8220c,2021,11,middle-industry annual table
data/raw/110_table51.xlsx,https://ws.dgbas.gov.tw/public/data/dgbas04/bc5/month/11013/table51.xlsx,2026-08-09,14567,8a4f30bfe6d79c7dff71e64680bb187deb23c0a86546936cdf059886df54e239,2021,11,middle-industry annual table
data/raw/110_table52.xlsx,https://ws.dgbas.gov.tw/public/data/dgbas04/bc5/month/11013/table52.xlsx,2026-08-09,14435,b7399f8a28d4c2c20ef7a2b881d2ea5bca377c48349eeb293796f91e5d15e6d2,2021,11,middle-industry annual table
data/raw/111_major_table01.xlsx,https://ws.dgbas.gov.tw/001/Upload/463/relfile/11049/231487/table1.xlsx,2026-08-09,37656,aa668661386f44b1c7ebc8211c5d57c71718272c873061e02bd28de8383c7986,historical through 2022; analysis uses 2022,11,same-vintage major-industry validation table
data/raw/111_major_table18.xlsx,https://ws.dgbas.gov.tw/001/Upload/463/relfile/11049/231487/table18.xlsx,2026-08-09,36295,721de73d56972cca52e7bb6f3e8fd3d79fc89467fe5df0873b65466d865fb800,historical through 2022; analysis uses 2022,11,same-vintage major-industry validation table
data/raw/111_major_table19.xlsx,https://ws.dgbas.gov.tw/001/Upload/463/relfile/11049/231487/table19.xlsx,2026-08-09,35746,ab10d194f513f07c9fdb6145b542fa3e0c517ca826c438f864bf217c6982a218,historical through 2022; analysis uses 2022,11,same-vintage major-industry validation table
data/raw/111_major_table36.xlsx,https://ws.dgbas.gov.tw/001/Upload/463/relfile/11049/231487/table36.xlsx,2026-08-09,75540,4821aa0e58dabf1c3f002681da391b7f1ce543dbbc78d32dbfdff594a0b05f06,historical through 2022; analysis uses 2022,11,same-vintage major-industry validation table
data/raw/111_table04.xlsx,https://ws.dgbas.gov.tw/001/Upload/463/relfile/11049/231487/table4.xlsx,2026-08-09,13467,a9628c4454f8599d7b969f2830783837d95f4083a3b4211a6ca292e3a32bf2c9,2022,11,middle-industry annual table
data/raw/111_table05.xlsx,https://ws.dgbas.gov.tw/001/Upload/463/relfile/11049/231487/table5.xlsx,2026-08-09,23425,3d576c22f8e50b862d1233693a328f415b0ba21a465ca460941a9ef37271d061,2022,11,middle-industry annual table
data/raw/111_table06.xlsx,https://ws.dgbas.gov.tw/001/Upload/463/relfile/11049/231487/table6.xlsx,2026-08-09,13278,23c2eb1ccda9cd77641873be38f59fe9fe47cd4644055b7043904756ec8efeee,2022,11,middle-industry annual table
data/raw/111_table07.xlsx,https://ws.dgbas.gov.tw/001/Upload/463/relfile/11049/231487/table7.xlsx,2026-08-09,13682,7cbf61d582447a2379b74719d9b00de8c13e2d85cb379316089d149720a703a0,2022,11,middle-industry annual table
data/raw/111_table08.xlsx,https://ws.dgbas.gov.tw/001/Upload/463/relfile/11049/231487/table8.xlsx,2026-08-09,13536,73e487a04685a9afbc8ecbd691e40bba5314b8352a00d1345031ac59dc46770f,2022,11,middle-industry annual table
data/raw/111_table09.xlsx,https://ws.dgbas.gov.tw/001/Upload/463/relfile/11049/231487/table9.xlsx,2026-08-09,13271,6b2c0339a924c0287452a6b5bad04b8e358e29a36e281a38ec5b1b596bb4591f,2022,11,middle-industry annual table
data/raw/111_table10.xlsx,https://ws.dgbas.gov.tw/001/Upload/463/relfile/11049/231487/table10.xlsx,2026-08-09,14245,29c8f7dce6b6e930e68ea7b25c7d0d0b1ac67a7f669e3cbb40a9d0e894251b02,2022,11,middle-industry annual table
data/raw/111_table11.xlsx,https://ws.dgbas.gov.tw/001/Upload/463/relfile/11049/231487/table11.xlsx,2026-08-09,13446,e812e472705fc84cda125cf71de7a86020fa785ca5783912d8877038c97285b0,2022,11,middle-industry annual table
data/raw/111_table12.xlsx,https://ws.dgbas.gov.tw/001/Upload/463/relfile/11049/231487/table12.xlsx,2026-08-09,13875,eb8579ec1acdfa6ae880bfceb3335cac24043c6ad51ca265269c203024d75397,2022,11,middle-industry annual table
data/raw/111_table13.xlsx,https://ws.dgbas.gov.tw/001/Upload/463/relfile/11049/231487/table13.xlsx,2026-08-09,14382,ca774f0176ef113d96af947de8049100253cd399cf5c62d27c448e9bfd87568c,2022,11,middle-industry annual table
data/raw/111_table14.xlsx,https://ws.dgbas.gov.tw/001/Upload/463/relfile/11049/231487/table14.xlsx,2026-08-09,14159,173c805cbb9f0117513dbd7af095e9140acfd3b04e34dc6e5f1bfd638b892f11,2022,11,middle-industry annual table
data/raw/111_table15.xlsx,https://ws.dgbas.gov.tw/001/Upload/463/relfile/11049/231487/table15.xlsx,2026-08-09,14403,83049caffd1ffca9060abdf2df8a56f0e936fa9cd6b5cca3735cf8559d5b5aa7,2022,11,middle-industry annual table
data/raw/111_table16.xlsx,https://ws.dgbas.gov.tw/001/Upload/463/relfile/11049/231487/table16.xlsx,2026-08-09,13740,7688839a14b8703b104e1451c6dfd865ebfe0958dba15af118efadd8b58f6026,2022,11,middle-industry annual table
data/raw/111_table17.xlsx,https://ws.dgbas.gov.tw/001/Upload/463/relfile/11049/231487/table17.xlsx,2026-08-09,13496,3b05e7ae74109c6dd2f396e072be4598669c88a3ff313e485431e045bf3a2e2b,2022,11,middle-industry annual table
data/raw/111_table22.xlsx,https://ws.dgbas.gov.tw/001/Upload/463/relfile/11049/231487/table22.xlsx,2026-08-09,14522,4031d5c4ea4bd56c08e62930d5d1290eb52cacfcea6781b94edd94b4fe97713d,2022,11,middle-industry annual table
data/raw/111_table23.xlsx,https://ws.dgbas.gov.tw/001/Upload/463/relfile/11049/231487/table23.xlsx,2026-08-09,25952,6de13b8d6ca1cf1dc9c7464a854747ada1d795f7e180f9efd57963abd860f256,2022,11,middle-industry annual table
data/raw/111_table24.xlsx,https://ws.dgbas.gov.tw/001/Upload/463/relfile/11049/231487/table24.xlsx,2026-08-09,14277,c178df14eff36c5a50408181b0f40e14f451131dc608962d934a67e27e797e3b,2022,11,middle-industry annual table
data/raw/111_table25.xlsx,https://ws.dgbas.gov.tw/001/Upload/463/relfile/11049/231487/table25.xlsx,2026-08-09,14797,a66795cd4bcbb072027a925f4c5dd0b1f52372a1a66a0e998165c7b4c1e263dc,2022,11,middle-industry annual table
data/raw/111_table26.xlsx,https://ws.dgbas.gov.tw/001/Upload/463/relfile/11049/231487/table26.xlsx,2026-08-09,14096,866fccac5abf4978cfa7e40bdb13dbd0f6313f96c14e58025a9f89890b9c53c0,2022,11,middle-industry annual table
data/raw/111_table27.xlsx,https://ws.dgbas.gov.tw/001/Upload/463/relfile/11049/231487/table27.xlsx,2026-08-09,13888,d2426b56e2e65c112674939ba6436489602afb01f6e93f505c5701cef3d99863,2022,11,middle-industry annual table
data/raw/111_table28.xlsx,https://ws.dgbas.gov.tw/001/Upload/463/relfile/11049/231487/table28.xlsx,2026-08-09,14702,eea93e32c6ac517847034a30f41de133969c2ef5d7f6fa95459aba0b29eca640,2022,11,middle-industry annual table
data/raw/111_table29.xlsx,https://ws.dgbas.gov.tw/001/Upload/463/relfile/11049/231487/table29.xlsx,2026-08-09,13983,c308b9cfafcefb29cb9adbae83bcb235ba33cf1acb4cecd4c04db0ff407b0150,2022,11,middle-industry annual table
data/raw/111_table30.xlsx,https://ws.dgbas.gov.tw/001/Upload/463/relfile/11049/231487/table30.xlsx,2026-08-09,14423,e3594216f46400db05ed933633c62e5268dd5b4cdc0419aa50ab334ff48352ef,2022,11,middle-industry annual table
data/raw/111_table31.xlsx,https://ws.dgbas.gov.tw/001/Upload/463/relfile/11049/231487/table31.xlsx,2026-08-09,14779,79da567d354fa58569826f3544774429ce0e3cbc23f3de8ebf90dd1d9e0c99f9,2022,11,middle-industry annual table
data/raw/111_table32.xlsx,https://ws.dgbas.gov.tw/001/Upload/463/relfile/11049/231487/table32.xlsx,2026-08-09,14697,e38cf226cdcaa7b1f1fa978415b52c141b849cf7b3b08cddc27d24fe70585ded,2022,11,middle-industry annual table
data/raw/111_table33.xlsx,https://ws.dgbas.gov.tw/001/Upload/463/relfile/11049/231487/table33.xlsx,2026-08-09,14787,efa1a9b76bd3dc4c934b4fd0812fd5086e22a766c4b34eaa2599a3ab52eb324d,2022,11,middle-industry annual table
data/raw/111_table34.xlsx,https://ws.dgbas.gov.tw/001/Upload/463/relfile/11049/231487/table34.xlsx,2026-08-09,14248,ce386d66823e3bb788a245af281b2de55a27857c65242d90e4d84c3cf7fa1be3,2022,11,middle-industry annual table
data/raw/111_table35.xlsx,https://ws.dgbas.gov.tw/001/Upload/463/relfile/11049/231487/table35.xlsx,2026-08-09,14097,4f9890337e894e2c84d44625418036cd2d157cce00c894cd9421eb5102885953,2022,11,middle-industry annual table
data/raw/111_table39.xlsx,https://ws.dgbas.gov.tw/001/Upload/463/relfile/11049/231487/table39.xlsx,2026-08-09,14675,6e280f3aba6a1db4b1d3f8b42edabeb80e782194157c2f26c9c4d6a145808147,2022,11,middle-industry annual table
data/raw/111_table40.xlsx,https://ws.dgbas.gov.tw/001/Upload/463/relfile/11049/231487/table40.xlsx,2026-08-09,25952,bb054dcb5e8907e7e752958d1d76788c6f9016c7f55e5cb3cd040c5b3dd12d15,2022,11,middle-industry annual table
data/raw/111_table41.xlsx,https://ws.dgbas.gov.tw/001/Upload/463/relfile/11049/231487/table41.xlsx,2026-08-09,14585,b303ca734f5815747fd5191fb90486a17f49c85b96b1e84a5f888d16b0da24a9,2022,11,middle-industry annual table
data/raw/111_table42.xlsx,https://ws.dgbas.gov.tw/001/Upload/463/relfile/11049/231487/table42.xlsx,2026-08-09,14974,51a126bc303e14da4633e609892360288a3f1892b31652c7844db2c0b2d5d725,2022,11,middle-industry annual table
data/raw/111_table43.xlsx,https://ws.dgbas.gov.tw/001/Upload/463/relfile/11049/231487/table43.xlsx,2026-08-09,14800,6775e7cf801a22271cddb4855f00f44c32c991adeda9ffcc1cc9bc005d9c6b2f,2022,11,middle-industry annual table
data/raw/111_table44.xlsx,https://ws.dgbas.gov.tw/001/Upload/463/relfile/11049/231487/table44.xlsx,2026-08-09,14594,d1c1af3a1c054940590e8fef71d345af74ea90f57830971c45aca70a1471eb71,2022,11,middle-industry annual table
data/raw/111_table45.xlsx,https://ws.dgbas.gov.tw/001/Upload/463/relfile/11049/231487/table45.xlsx,2026-08-09,15350,ac2d1cba3d7ad9d3f41aec50cc4f57be1b2345eaa27ee858b628bd167c9c6d47,2022,11,middle-industry annual table
data/raw/111_table46.xlsx,https://ws.dgbas.gov.tw/001/Upload/463/relfile/11049/231487/table46.xlsx,2026-08-09,14705,b70a79eedd13a795a28def372bda4cd6b85d53d5e3ac251011b2c47f3b998570,2022,11,middle-industry annual table
data/raw/111_table47.xlsx,https://ws.dgbas.gov.tw/001/Upload/463/relfile/11049/231487/table47.xlsx,2026-08-09,15178,5565e8a7312ac7ee7df699f2da6cbf2cc1ca827850a823d16018d67e77f04f16,2022,11,middle-industry annual table
data/raw/111_table48.xlsx,https://ws.dgbas.gov.tw/001/Upload/463/relfile/11049/231487/table48.xlsx,2026-08-09,14883,3fd6cf323977bb61496211186e5fa2fe68529c8fc312a84ed0abb675080c38a3,2022,11,middle-industry annual table
data/raw/111_table49.xlsx,https://ws.dgbas.gov.tw/001/Upload/463/relfile/11049/231487/table49.xlsx,2026-08-09,15266,7129f8d4089a93e16803cfec28e9257d1c0b5a2630b5c0db3bbba0b828af2aed,2022,11,middle-industry annual table
data/raw/111_table50.xlsx,https://ws.dgbas.gov.tw/001/Upload/463/relfile/11049/231487/table50.xlsx,2026-08-09,14980,d63538b829df2b5edcbc8b01f9ea4102d4028d16e3b226b866f3347b2fad0106,2022,11,middle-industry annual table
data/raw/111_table51.xlsx,https://ws.dgbas.gov.tw/001/Upload/463/relfile/11049/231487/table51.xlsx,2026-08-09,14364,044e4d370d4e7eb3d97a5ad48d0a5abad579cdeaae5e9f0ddc5d40295b39cadf,2022,11,middle-industry annual table
data/raw/111_table52.xlsx,https://ws.dgbas.gov.tw/001/Upload/463/relfile/11049/231487/table52.xlsx,2026-08-09,14250,19c04d15ca660cd984d956eb06400a9afec276581acaa1adf7cab3d2c07a7fac,2022,11,middle-industry annual table
data/raw/112_major_table01.xlsx,https://ws.dgbas.gov.tw/001/Upload/463/relfile/11049/233568/table1.xlsx,2026-08-09,37397,02e11a514f7f3da8a3dd1b1210ceef89832d87b93962b04258c6b7f82311c15d,historical through 2023; analysis uses 2023,11,same-vintage major-industry validation table
data/raw/112_major_table18.xlsx,https://ws.dgbas.gov.tw/001/Upload/463/relfile/11049/233568/table18.xlsx,2026-08-09,35978,fa78fe5e1b666e1a3c2c373e76516c3119931b87c3d8d9ea216e028f4106cfe0,historical through 2023; analysis uses 2023,11,same-vintage major-industry validation table
data/raw/112_major_table19.xlsx,https://ws.dgbas.gov.tw/001/Upload/463/relfile/11049/233568/table19.xlsx,2026-08-09,35835,2a1d30effa6ccbf589a1f6799487422ebfbf2aaa027d4209a888bb4d6221b616,historical through 2023; analysis uses 2023,11,same-vintage major-industry validation table
data/raw/112_major_table36.xlsx,https://ws.dgbas.gov.tw/001/Upload/463/relfile/11049/233568/table36.xlsx,2026-08-09,77442,e57d6e0c6113ec353262b94640308ccdb252200e0cd7bae9ae7dc5160688d7ef,historical through 2023; analysis uses 2023,11,same-vintage major-industry validation table
data/raw/112_table04.xlsx,https://ws.dgbas.gov.tw/001/Upload/463/relfile/11049/233568/table4.xlsx,2026-08-09,13683,01a3f1af4294501cba11648e0825a23f3353b13062e87d1d390249cb1522abad,2023,11,middle-industry annual table
data/raw/112_table05.xlsx,https://ws.dgbas.gov.tw/001/Upload/463/relfile/11049/233568/table5.xlsx,2026-08-09,23999,3ae85ec34cfab097d6f2e29dd5cf4c8fc15b3d12ed3f292e9b420ab60cfefb7d,2023,11,middle-industry annual table
data/raw/112_table06.xlsx,https://ws.dgbas.gov.tw/001/Upload/463/relfile/11049/233568/table6.xlsx,2026-08-09,13431,dcb29928d365927ab72983b210e46a8209c75247d74e252de9e8b30ff5d7cc10,2023,11,middle-industry annual table
data/raw/112_table07.xlsx,https://ws.dgbas.gov.tw/001/Upload/463/relfile/11049/233568/table7.xlsx,2026-08-09,13696,87d5dfc281f52aa5b2e9f5f53b02bf0653af5bab09bff444ce55217d753df7f6,2023,11,middle-industry annual table
data/raw/112_table08.xlsx,https://ws.dgbas.gov.tw/001/Upload/463/relfile/11049/233568/table8.xlsx,2026-08-09,13719,07534f1444b552c60b4ba30727b81738fa3eee873d877d5c12029270eb24067d,2023,11,middle-industry annual table
data/raw/112_table09.xlsx,https://ws.dgbas.gov.tw/001/Upload/463/relfile/11049/233568/table9.xlsx,2026-08-09,13522,bdda1ee4780a654c888d445d9769d0019d2944c0338862d6ffc071814037700e,2023,11,middle-industry annual table
data/raw/112_table10.xlsx,https://ws.dgbas.gov.tw/001/Upload/463/relfile/11049/233568/table10.xlsx,2026-08-09,14209,f4c0bc5ea2e3c7799decb4625f6bbfdc69051690f39a09f713b678fca7ccc512,2023,11,middle-industry annual table
data/raw/112_table11.xlsx,https://ws.dgbas.gov.tw/001/Upload/463/relfile/11049/233568/table11.xlsx,2026-08-09,13648,c36f78f2f443ceca44a538f6f183a1e7a275b28dab496a85ac2cbcb77dabbc6f,2023,11,middle-industry annual table
data/raw/112_table12.xlsx,https://ws.dgbas.gov.tw/001/Upload/463/relfile/11049/233568/table12.xlsx,2026-08-09,13978,4bd1cb18fd9f43ead6d997932ea27163bba3297d3dabce1efe671e3d295eda62,2023,11,middle-industry annual table
data/raw/112_table13.xlsx,https://ws.dgbas.gov.tw/001/Upload/463/relfile/11049/233568/table13.xlsx,2026-08-09,14342,763d7b0253ba37f7cbcc7ce568f52d80e443dc0929c0057c9f4ec6b6011344bb,2023,11,middle-industry annual table
data/raw/112_table14.xlsx,https://ws.dgbas.gov.tw/001/Upload/463/relfile/11049/233568/table14.xlsx,2026-08-09,14226,9f05024a72497558f02b066bfb11e184876eb1a0d5006a55b417cece62410fe8,2023,11,middle-industry annual table
data/raw/112_table15.xlsx,https://ws.dgbas.gov.tw/001/Upload/463/relfile/11049/233568/table15.xlsx,2026-08-09,14421,b6062960ecc3fc0a1feb3f0b1b6a998961f6ebc0052819f94df8391753cb8c00,2023,11,middle-industry annual table
data/raw/112_table16.xlsx,https://ws.dgbas.gov.tw/001/Upload/463/relfile/11049/233568/table16.xlsx,2026-08-09,13889,e6e12b729081e5e10d97adfae4fe3133fdc560657e05bfdb995bd9caa58c36db,2023,11,middle-industry annual table
data/raw/112_table17.xlsx,https://ws.dgbas.gov.tw/001/Upload/463/relfile/11049/233568/table17.xlsx,2026-08-09,13700,0a62b86d9b2e7a746eca844427c44a101c8c9f417fc8c800f5474d3214adac42,2023,11,middle-industry annual table
data/raw/112_table22.xlsx,https://ws.dgbas.gov.tw/001/Upload/463/relfile/11049/233568/table22.xlsx,2026-08-09,14582,1e55ea76a6d11374a99101c3c719cf3c4efad133ee87d2b26ea2718338ffaabc,2023,11,middle-industry annual table
data/raw/112_table23.xlsx,https://ws.dgbas.gov.tw/001/Upload/463/relfile/11049/233568/table23.xlsx,2026-08-09,26414,0fc76abdad6ac07a9349d838e73f6135ca3da23e4196f4432d62027498485933,2023,11,middle-industry annual table
data/raw/112_table24.xlsx,https://ws.dgbas.gov.tw/001/Upload/463/relfile/11049/233568/table24.xlsx,2026-08-09,14433,dd9a907f54f5af03b93bdc4abfffdb556491428e54cee82fc587d844e179d0c4,2023,11,middle-industry annual table
data/raw/112_table25.xlsx,https://ws.dgbas.gov.tw/001/Upload/463/relfile/11049/233568/table25.xlsx,2026-08-09,14799,62a6d3fe81ec49c284a550daa2a2d5b1fda44a41320ccd0d61b2a150d63850b7,2023,11,middle-industry annual table
data/raw/112_table26.xlsx,https://ws.dgbas.gov.tw/001/Upload/463/relfile/11049/233568/table26.xlsx,2026-08-09,14640,e12a00f1d08a8bffdd5f47776c224c6514aa2861725178bde02a71fb8429204a,2023,11,middle-industry annual table
data/raw/112_table27.xlsx,https://ws.dgbas.gov.tw/001/Upload/463/relfile/11049/233568/table27.xlsx,2026-08-09,14418,90075b72dadc7ad7f20711bf86a4a8f1f4748193eaf85a0fca4a21109e432833,2023,11,middle-industry annual table
data/raw/112_table28.xlsx,https://ws.dgbas.gov.tw/001/Upload/463/relfile/11049/233568/table28.xlsx,2026-08-09,15241,7a6874a444d98c163322d1868bbea700dfa64c972978eb293262ffe8137885ff,2023,11,middle-industry annual table
data/raw/112_table29.xlsx,https://ws.dgbas.gov.tw/001/Upload/463/relfile/11049/233568/table29.xlsx,2026-08-09,14604,13b0502d4e43bb1a6ccc19a65b417e240176a4cec997516fb5cfba2eae28b449,2023,11,middle-industry annual table
data/raw/112_table30.xlsx,https://ws.dgbas.gov.tw/001/Upload/463/relfile/11049/233568/table30.xlsx,2026-08-09,15013,4f3a07a0854aace0312d96d7d6d5199e324947b717c3f7437312a0b939a8c432,2023,11,middle-industry annual table
data/raw/112_table31.xlsx,https://ws.dgbas.gov.tw/001/Upload/463/relfile/11049/233568/table31.xlsx,2026-08-09,15338,1366afe6736f4c3ce6a333c2dd52ddf2522e7a0699b79e76d96d469ca67464c6,2023,11,middle-industry annual table
data/raw/112_table32.xlsx,https://ws.dgbas.gov.tw/001/Upload/463/relfile/11049/233568/table32.xlsx,2026-08-09,15254,75b5eb77e7f19dca1e1af7b7e92e0f18b10bc740f17c150f01115d46472853ed,2023,11,middle-industry annual table
data/raw/112_table33.xlsx,https://ws.dgbas.gov.tw/001/Upload/463/relfile/11049/233568/table33.xlsx,2026-08-09,15340,99e7f65123ddd04bd615c1eb29fd4d4b60c92965901e30ad53797701b3ade819,2023,11,middle-industry annual table
data/raw/112_table34.xlsx,https://ws.dgbas.gov.tw/001/Upload/463/relfile/11049/233568/table34.xlsx,2026-08-09,14775,b85a2ec8478af2349a65295c0fac0c8073fbe94bb796efbb1616e279e4d1b5ad,2023,11,middle-industry annual table
data/raw/112_table35.xlsx,https://ws.dgbas.gov.tw/001/Upload/463/relfile/11049/233568/table35.xlsx,2026-08-09,14635,b2dae4ee31ded2834af4f06f1c2f8564fdbf917f546c1b1299cc31d1581ad94e,2023,11,middle-industry annual table
data/raw/112_table39.xlsx,https://ws.dgbas.gov.tw/001/Upload/463/relfile/11049/233568/table39.xlsx,2026-08-09,15253,e9165f0bfc600794cb32919f993d63e0bd42cfb17e3e0b36f4761b1c30bdc770,2023,11,middle-industry annual table
data/raw/112_table40.xlsx,https://ws.dgbas.gov.tw/001/Upload/463/relfile/11049/233568/table40.xlsx,2026-08-09,27358,8a0e0d983b786b8a31c51f987d2839685dce8b9ee897c495c049d3ccd46fb295,2023,11,middle-industry annual table
data/raw/112_table41.xlsx,https://ws.dgbas.gov.tw/001/Upload/463/relfile/11049/233568/table41.xlsx,2026-08-09,15173,5d05ca0fa9bb1d23e9eb568f27c0095786d35d6ecb0b3b832036cc5ec1e94652,2023,11,middle-industry annual table
data/raw/112_table42.xlsx,https://ws.dgbas.gov.tw/001/Upload/463/relfile/11049/233568/table42.xlsx,2026-08-09,15539,d2ea163bcf72d13e6ebb5cfd75c67ce5d689ac5fc9cab7da2b72b4bbcfdf2f82,2023,11,middle-industry annual table
data/raw/112_table43.xlsx,https://ws.dgbas.gov.tw/001/Upload/463/relfile/11049/233568/table43.xlsx,2026-08-09,15388,810e73cb0bdd7e525b911033fe13ee83b10c40e69b517bbb048553141ed0c431,2023,11,middle-industry annual table
data/raw/112_table44.xlsx,https://ws.dgbas.gov.tw/001/Upload/463/relfile/11049/233568/table44.xlsx,2026-08-09,15156,3d7dc488a7e6b05db36e9845d30d8d9103a0677ba43151588e2aa76412934f8a,2023,11,middle-industry annual table
data/raw/112_table45.xlsx,https://ws.dgbas.gov.tw/001/Upload/463/relfile/11049/233568/table45.xlsx,2026-08-09,15905,0a4d8ff405a70368320f842c14646db38b4ee50e34500755b0cded008f1b733a,2023,11,middle-industry annual table
data/raw/112_table46.xlsx,https://ws.dgbas.gov.tw/001/Upload/463/relfile/11049/233568/table46.xlsx,2026-08-09,15292,7412d157081e762368ffdae45573e63e48f737b1276c4b6d1b5f125eded4e524,2023,11,middle-industry annual table
data/raw/112_table47.xlsx,https://ws.dgbas.gov.tw/001/Upload/463/relfile/11049/233568/table47.xlsx,2026-08-09,15722,59488e9243779e82f6e3c577b3e7e0d5f1297768bc28065739fa2db1e92d9803,2023,11,middle-industry annual table
data/raw/112_table48.xlsx,https://ws.dgbas.gov.tw/001/Upload/463/relfile/11049/233568/table48.xlsx,2026-08-09,15480,499e0fd5295324a9ab6bc0857b991c04f6ff54dc05efca6bdad683030dab6b65,2023,11,middle-industry annual table
data/raw/112_table49.xlsx,https://ws.dgbas.gov.tw/001/Upload/463/relfile/11049/233568/table49.xlsx,2026-08-09,15891,a06f1f68f68c5769adc4f04bc245e4560d4d1d22d8967267b14d0aa584015408,2023,11,middle-industry annual table
data/raw/112_table50.xlsx,https://ws.dgbas.gov.tw/001/Upload/463/relfile/11049/233568/table50.xlsx,2026-08-09,15544,a67611891003474cd8b513808c156ad7b9c2ebd3f06d959c19a6929653d16a02,2023,11,middle-industry annual table
data/raw/112_table51.xlsx,https://ws.dgbas.gov.tw/001/Upload/463/relfile/11049/233568/table51.xlsx,2026-08-09,14941,40e5578f3177e366bf80ca2bdd22a92dd09fd1fb8d124d6ef92f75a37df4c97d,2023,11,middle-industry annual table
data/raw/112_table52.xlsx,https://ws.dgbas.gov.tw/001/Upload/463/relfile/11049/233568/table52.xlsx,2026-08-09,14811,505fa0ef3d0b49db50b116ceb04f9295cb7b8cd5bf9f42d14df963cab4d9d7ef,2023,11,middle-industry annual table
data/raw/113_table04.xlsx,https://ws.dgbas.gov.tw/001/Upload/463/relfile/11049/234856/table4.xlsx,2026-08-09,13456,33a38d3c65f03e8972a5dbb0b1f276b3b6a5b3a8a00bd56465cc7e167822431f,2024,11,middle-industry annual table
data/raw/113_table05.xlsx,https://ws.dgbas.gov.tw/001/Upload/463/relfile/11049/234856/table5.xlsx,2026-08-09,23144,137c5a6988ed2db8490455fc3e6715684358f7f1ddff1841f23427f756090a4a,2024,11,middle-industry annual table
data/raw/113_table06.xlsx,https://ws.dgbas.gov.tw/001/Upload/463/relfile/11049/234856/table6.xlsx,2026-08-09,13208,bf55a834bc305b0dcaa814350afd338523918e108575edef644f2c9ff481d769,2024,11,middle-industry annual table
data/raw/113_table07.xlsx,https://ws.dgbas.gov.tw/001/Upload/463/relfile/11049/234856/table7.xlsx,2026-08-09,13461,8a2b2257cecc5a6b99622182468f7f89e6c11642662d7ef64520ccbd4564fb59,2024,11,middle-industry annual table
data/raw/113_table08.xlsx,https://ws.dgbas.gov.tw/001/Upload/463/relfile/11049/234856/table8.xlsx,2026-08-09,13487,529e37b037236e15e9d484e8cbea5d8709333467a6413fcc04c3a1c32b090786,2024,11,middle-industry annual table
data/raw/113_table09.xlsx,https://ws.dgbas.gov.tw/001/Upload/463/relfile/11049/234856/table9.xlsx,2026-08-09,13288,dabe333a3c4f7e25289d58ddce6cb780e8805f22a6b5cd5934ed3b81cd60d1ce,2024,11,middle-industry annual table
data/raw/113_table10.xlsx,https://ws.dgbas.gov.tw/001/Upload/463/relfile/11049/234856/table10.xlsx,2026-08-09,13967,0cc5acb1874937925b3d08be8192836f46673be6a9d4e6c8867dce65917903bd,2024,11,middle-industry annual table
data/raw/113_table11.xlsx,https://ws.dgbas.gov.tw/001/Upload/463/relfile/11049/234856/table11.xlsx,2026-08-09,13406,17fe27af3d36c9922d432a053f0df03ede4b32c1e6ba0db7f126c3cc87a1dbbd,2024,11,middle-industry annual table
data/raw/113_table12.xlsx,https://ws.dgbas.gov.tw/001/Upload/463/relfile/11049/234856/table12.xlsx,2026-08-09,13740,71a460da3779f2b11713d69a17f299100f033e1ef335abba6270071442f91965,2024,11,middle-industry annual table
data/raw/113_table13.xlsx,https://ws.dgbas.gov.tw/001/Upload/463/relfile/11049/234856/table13.xlsx,2026-08-09,14104,98c52d9112f13fc1d9c52b1b84c83844db9e27c43e5ea19a2b882c1c017bc6db,2024,11,middle-industry annual table
data/raw/113_table14.xlsx,https://ws.dgbas.gov.tw/001/Upload/463/relfile/11049/234856/table14.xlsx,2026-08-09,14005,942bed931c97f32000f57d6c3500596f7f474d094ba6b7399d027dafedca3c37,2024,11,middle-industry annual table
data/raw/113_table15.xlsx,https://ws.dgbas.gov.tw/001/Upload/463/relfile/11049/234856/table15.xlsx,2026-08-09,14187,cfe616e39a56f939f5bf831ad318c5a531c0e051cc9064217e50720ab5c5232b,2024,11,middle-industry annual table
data/raw/113_table16.xlsx,https://ws.dgbas.gov.tw/001/Upload/463/relfile/11049/234856/table16.xlsx,2026-08-09,13670,2cb87d49a2186e7defd71d261ef5dd941785074dd94791fcad665d3bcf163c1a,2024,11,middle-industry annual table
data/raw/113_table17.xlsx,https://ws.dgbas.gov.tw/001/Upload/463/relfile/11049/234856/table17.xlsx,2026-08-09,13459,d40aba03b03da76b512abd69b26af04b43028d6d542b39e334d4c33c06751d45,2024,11,middle-industry annual table
data/raw/113_table22.xlsx,https://ws.dgbas.gov.tw/001/Upload/463/relfile/11049/234856/table22.xlsx,2026-08-09,14361,ad145fed57c5dc79f20ddb124eadedf380685ff3ad3e4145c25410833887c79b,2024,11,middle-industry annual table
data/raw/113_table23.xlsx,https://ws.dgbas.gov.tw/001/Upload/463/relfile/11049/234856/table23.xlsx,2026-08-09,25570,bb3623cbdd666a2437379bf15a0a39085784f1f0071d29a8813ba4b79e66df2f,2024,11,middle-industry annual table
data/raw/113_table24.xlsx,https://ws.dgbas.gov.tw/001/Upload/463/relfile/11049/234856/table24.xlsx,2026-08-09,14247,4dfc6783072879de7e8a085693e2a618d26b5564a1ccbe967fe5b283cf59fb91,2024,11,middle-industry annual table
data/raw/113_table25.xlsx,https://ws.dgbas.gov.tw/001/Upload/463/relfile/11049/234856/table25.xlsx,2026-08-09,14608,f871a7af739a74e0bc837013da10f407304106b313cb57df99a4899b5919d04f,2024,11,middle-industry annual table
data/raw/113_table26.xlsx,https://ws.dgbas.gov.tw/001/Upload/463/relfile/11049/234856/table26.xlsx,2026-08-09,14436,b68ddc8df92ada4dda6ce542fe17acf06a637f4297a564f5f8e373773407103a,2024,11,middle-industry annual table
data/raw/113_table27.xlsx,https://ws.dgbas.gov.tw/001/Upload/463/relfile/11049/234856/table27.xlsx,2026-08-09,14223,f22eb58ff5a60e157f0951373f55fcd779a696be6780313df675461bcc16d66b,2024,11,middle-industry annual table
data/raw/113_table28.xlsx,https://ws.dgbas.gov.tw/001/Upload/463/relfile/11049/234856/table28.xlsx,2026-08-09,15026,be89dd0e18cda6a213b3d2f9e0a8d053d9bb95e877d6168246b57e039ca5c892,2024,11,middle-industry annual table
data/raw/113_table29.xlsx,https://ws.dgbas.gov.tw/001/Upload/463/relfile/11049/234856/table29.xlsx,2026-08-09,14328,a55f561205c138c01a1f2de01f65fc7609ef350ab95108b6f3991ed8939dceea,2024,11,middle-industry annual table
data/raw/113_table30.xlsx,https://ws.dgbas.gov.tw/001/Upload/463/relfile/11049/234856/table30.xlsx,2026-08-09,14742,237afefb618618b61dd58f1b76ccc61834c20cb35614666317887be920c85d9c,2024,11,middle-industry annual table
data/raw/113_table31.xlsx,https://ws.dgbas.gov.tw/001/Upload/463/relfile/11049/234856/table31.xlsx,2026-08-09,15114,e88f4ce79ee71efe41d4deb2c307d111b4159b2caa970440fe6ae86969a2ec5a,2024,11,middle-industry annual table
data/raw/113_table32.xlsx,https://ws.dgbas.gov.tw/001/Upload/463/relfile/11049/234856/table32.xlsx,2026-08-09,15003,0a0af8051f99ee2779be14a38c15a9e4b99da694ad28eb6531d88d8b19c64a0b,2024,11,middle-industry annual table
data/raw/113_table33.xlsx,https://ws.dgbas.gov.tw/001/Upload/463/relfile/11049/234856/table33.xlsx,2026-08-09,15137,33d4cff60aec7976ad34fe989941310ae6a132533567171a26422a47cf3be25a,2024,11,middle-industry annual table
data/raw/113_table34.xlsx,https://ws.dgbas.gov.tw/001/Upload/463/relfile/11049/234856/table34.xlsx,2026-08-09,14584,1b65daadb53d383023e77754933cb18fde6213cff6665c91d70013dfdd632020,2024,11,middle-industry annual table
data/raw/113_table35.xlsx,https://ws.dgbas.gov.tw/001/Upload/463/relfile/11049/234856/table35.xlsx,2026-08-09,14454,3b60ec6a07815b922894156cbff172e8026be0bc97686e593a88d8d126e441da,2024,11,middle-industry annual table
data/raw/113_table39.xlsx,https://ws.dgbas.gov.tw/001/Upload/463/relfile/11049/234856/table39.xlsx,2026-08-09,14999,65ebfdebc4487de636d092d6a3f6f413a24e5ba561bef6d8e9d28692fc637d3c,2024,11,middle-industry annual table
data/raw/113_table40.xlsx,https://ws.dgbas.gov.tw/001/Upload/463/relfile/11049/234856/table40.xlsx,2026-08-09,26619,af53055346b76b88b57d9a42a95bc1e5d6ab9fa2a2700bdb2b850ca2c221a57c,2024,11,middle-industry annual table
data/raw/113_table41.xlsx,https://ws.dgbas.gov.tw/001/Upload/463/relfile/11049/234856/table41.xlsx,2026-08-09,14917,e4661ec7065a9901741dff67d8c8e9003f3b352c37b60e6b341a4c1e26d3dfdb,2024,11,middle-industry annual table
data/raw/113_table42.xlsx,https://ws.dgbas.gov.tw/001/Upload/463/relfile/11049/234856/table42.xlsx,2026-08-09,15279,e430a12f129f19dadf88da049ad76902252c838c1885825241973892274b68b9,2024,11,middle-industry annual table
data/raw/113_table43.xlsx,https://ws.dgbas.gov.tw/001/Upload/463/relfile/11049/234856/table43.xlsx,2026-08-09,15126,89cba155a3b3584632d7b28f378a65f986a25912f74c6bf10478d2cb9b527dd8,2024,11,middle-industry annual table
data/raw/113_table44.xlsx,https://ws.dgbas.gov.tw/001/Upload/463/relfile/11049/234856/table44.xlsx,2026-08-09,14918,c4a997c4c19791ebefc50337c0bf0b8f826ba250a6339b5eac7d2265b79801d8,2024,11,middle-industry annual table
data/raw/113_table45.xlsx,https://ws.dgbas.gov.tw/001/Upload/463/relfile/11049/234856/table45.xlsx,2026-08-09,15652,8578b8a50560c52a359c6fbb4e02b5272096ca8c8d99a00cab7ccc5a6c753516,2024,11,middle-industry annual table
data/raw/113_table46.xlsx,https://ws.dgbas.gov.tw/001/Upload/463/relfile/11049/234856/table46.xlsx,2026-08-09,15017,78d61fd5cddfeb0b7429c782b7b18b91f58951dcf4f49671c6acf156427fe9d3,2024,11,middle-industry annual table
data/raw/113_table47.xlsx,https://ws.dgbas.gov.tw/001/Upload/463/relfile/11049/234856/table47.xlsx,2026-08-09,15472,345f46ac079a55d4f45d4746bdf1911a8a913d6f0fdb275f9be7b67c492304ac,2024,11,middle-industry annual table
data/raw/113_table48.xlsx,https://ws.dgbas.gov.tw/001/Upload/463/relfile/11049/234856/table48.xlsx,2026-08-09,15223,6ea7e093c203342f2c0eb93a1d26317c46057a51aa82d4d806868fafb8d8231f,2024,11,middle-industry annual table
data/raw/113_table49.xlsx,https://ws.dgbas.gov.tw/001/Upload/463/relfile/11049/234856/table49.xlsx,2026-08-09,15612,369fcc14a1cef0cee1afa66166b032485c9fa2b18ff1c800cace8610d1def9e2,2024,11,middle-industry annual table
data/raw/113_table50.xlsx,https://ws.dgbas.gov.tw/001/Upload/463/relfile/11049/234856/table50.xlsx,2026-08-09,15291,9c16797441809b180a766f3c0d8278e14096f48dae154f5e504880fe950ce976,2024,11,middle-industry annual table
data/raw/113_table51.xlsx,https://ws.dgbas.gov.tw/001/Upload/463/relfile/11049/234856/table51.xlsx,2026-08-09,14725,185bffb4c1f595af4166161fb91009a3c7dcdbe83a1e12af0e33fe98e820181d,2024,11,middle-industry annual table
data/raw/113_table52.xlsx,https://ws.dgbas.gov.tw/001/Upload/463/relfile/11049/234856/table52.xlsx,2026-08-09,14607,ce66791ec7906dd4b8eff303c459e171f755cb137df2e3cacb077791a05bd2ca,2024,11,middle-industry annual table
data/raw/cpi_basic_classification.xml,https://ws.dgbas.gov.tw/001/Upload/461/relfile/11525/230555/pr0101a1m.xml,2026-08-09,15743815,8abaffb95fcf7c4328fe87d599dc7d66eaf588c08f1f3ead076119b21b6e06a3,1981-latest,not_applicable,monthly all-items CPI
data/raw/dgbas_open_data_108.xml,https://ws.dgbas.gov.tw/001/Upload/461/relfile/11525/233528/Mp07014A108.xml,2026-08-09,40660,b97bf3bc6afbe5e2fffe9811179632adb530b091ef73000c3d152abcf248630b,2019 release index,10,official open-data source index
data/raw/official_real_wage_series.csv,https://earnings.dgbas.gov.tw/query_payroll.aspx,2026-08-09,488,1a59f7cf0f556d82c21a04c9064714030aad689e5ea3b527b1fd6a90f169478d,2000-2024,official_published_2024_vintage,official published annual real regular and total earnings query
data/raw/s1_annual_regular_wage_by_industry.xlsx,https://ws.dgbas.gov.tw/001/Upload/463/relfile/11049/234856/table19.xlsx,2026-08-09,35611,a087e70796e0078435907687de2cc74ca837b48e1fee9326c36630a2f69de3bd,2005-2024,11,major-industry annual table
data/raw/s1_annual_regular_wage_by_industry_2019_release.xlsx,https://ws.dgbas.gov.tw/public/data/dgbas04/bc5/month/10813/table19.xlsx,2026-08-09,30507,f6184079fb9480ea05c8a968f5075e2ca944ec4ea549113c1a5e72c02b71b134,2000-2019,10,major-industry annual table
data/raw/s2_annual_total_wage_by_industry.xlsx,https://ws.dgbas.gov.tw/001/Upload/463/relfile/11049/234856/table18.xlsx,2026-08-09,35753,831656eeeaed8bf12d5d94db71c62b580402a55ed7ca024dad6d92f3b9384d22,2005-2024,11,major-industry annual table
data/raw/s2_annual_total_wage_by_industry_2019_release.xlsx,https://ws.dgbas.gov.tw/public/data/dgbas04/bc5/month/10813/table18.xlsx,2026-08-09,30743,48d27d3d1451fff3f0d1b1ee163c1b74b21db2786643ab022fe9eda2bff391ba,2000-2019,10,major-industry annual table
data/raw/s3_annual_employees_by_industry.xlsx,https://ws.dgbas.gov.tw/001/Upload/463/relfile/11049/234856/table1.xlsx,2026-08-09,37027,a40aa0996aa0985dc074f41c42249656b66f5b4d71c98691d3749f5f66963e12,2005-2024,11,major-industry annual table
data/raw/s3_annual_employees_by_industry_2019_release.xlsx,https://ws.dgbas.gov.tw/public/data/dgbas04/bc5/month/10813/table1.xlsx,2026-08-09,31949,7e32d98a4b934c457a73841028e0bf409f401d86d4e7b4318cb97f80464e8521,2000-2019,10,major-industry annual table
data/raw/s4_annual_hours_by_industry.xlsx,https://ws.dgbas.gov.tw/001/Upload/463/relfile/11049/234856/table36.xlsx,2026-08-09,76377,31635af690cccb4d2ef628c23a05f886fb9510133846110fa5a6ac86fa5762b5,2005-2024,11,major-industry annual table
data/raw/s4_annual_hours_by_industry_2019_release.xlsx,https://ws.dgbas.gov.tw/public/data/dgbas04/bc5/month/10813/table36.xlsx,2026-08-09,61970,c1a957950be9458bd527b86f80b931da80a99a5ec91898355fc4f7554221faf7,2000-2019,10,major-industry annual table
data/raw/tsic_10_to_11_crosswalk.pdf,https://ws.dgbas.gov.tw/001/Upload/463/relfile/11195/90015/%E6%9E%B6%E6%A7%8B_10%E5%B0%8D11_1141205%E6%9B%B4%E6%96%B0.pdf,2026-08-09,355482,af41437477e2cb7f52b1c0547bb9a88a00e893e4ac1db68524b9ce5fddd3ea7d,TSIC 10 to 11,10-11,official crosswalk
data/raw/tsic_7_to_8_crosswalk.pdf,https://ws.dgbas.gov.tw/001/Upload/463/relfile/11195/90002/80f2bef2-0296-4ec3-896f-6490f2fa3f41.pdf,2026-08-09,277280,da25607afdde996e44b49398b31387eecb0652b0d14cd6556367dfa14868abaa,TSIC 7 to 8,7-8,official crosswalk
data/raw/tsic_8_to_9_crosswalk.xls,https://ws.dgbas.gov.tw/001/Upload/463/attachment/11195/90008/18119504471.xls,2026-08-09,219136,846f1eae0a07f808c1df720dbdbca1c808a9e11c49bbddea3a97a5e1f105f000,TSIC 8 to 9,8-9,official crosswalk
data/raw/tsic_9_to_10_crosswalk.odt,https://ws.dgbas.gov.tw/001/Upload/463/attachment/11195/90010/6112105911geyjeag4.odt,2026-08-09,112088,4febdced26ce297d8e371c63f79a1b6906bb67907cfe33de0f4203a2a2c2cadf,TSIC 9 to 10,9-10,official crosswalk
